"text,true_id,true_name,pred_id,pred_name"
"真是要命,弄的人家情绪紧张。,4,恐惧,2,生气"
"她的口音！我服了。,0,悲伤,3,惊讶"
"每次我发条微博都显示很多人来看过，可是我微博一个好友一个认识我的人都没有，到底是谁看我的微博呢,3,惊讶,2,生气"
"我也不是特别希望老鹰队再次夺冠。充电器队、小马队或酋长队会让我感觉最好。然后是公羊队和圣徒队。,2,生气,1,开心"
"一个决定伤害了亿万网民；,2,生气,0,悲伤"
"又要重复我每年必说的台词了，2010就要过去了，我很怀念它。,1,开心,0,悲伤"
"是的。很多年轻一代都沉迷于手机，情绪不稳定的人往往会有这种行为，尤其是那些对Instagram痴迷的女性。,0,悲伤,1,开心"
"看完球喘不过气。,5,厌恶,1,开心"
"今天课表出来了,周一周三周五是重头戏,可喜的是,以后有周末了,1,开心,2,生气"
"我做过的最坚持的事可以总是像个笑话。念念不忘不是个好习惯。像我总是不喜欢他,每次说话都带着嘲弄与莫名其妙的骄傲,仿佛置一切不见,我讨厌你,就是这样。,5,厌恶,0,悲伤"
"。我本来是想说今天不去打工~陪你去乘车!。但又怕等等我在车站大哭怎么半!。呜~搞得我现在在计算机前哭~。五月天~他们不重要拉~哈哈哈~,0,悲伤,1,开心"
"简直不想说话,5,厌恶,2,生气"
"纳了闷了[哼],2,生气,3,惊讶"
"女人是一件很麻烦的事,当一个嗲声的女人在跟自己的弟弟撒娇时,再唯美的色调,一切也都变了味,彼时弟弟的红颜知己也在场合,这应该是一组怎样的画面,可以想象一下。,5,厌恶,0,悲伤"
"这支球队远非传奇，虽然队中不乏传奇球员，但表现却令人大失所望。,0,悲伤,2,生气"
"一条微博要发n次，用一个小时!,2,生气,3,惊讶"
"一次多媒体作品要录音自我介绍,没多久我就选定了《旅行的意义》的伴奏当作背景音乐,没想到我当时声音太低沉导致最后成品在朋友中的评论是“他在录遗言?”,0,悲伤,5,厌恶"
"的一天终于要过去了今天运气不好,心里各种不痛快本来说我要早点休息的结果喷花露水这事让我睡不着肚子痛。,0,悲伤,2,生气"
"考试面试前一天还熬夜刷消息；骄傲的说我是东方神起的仙后；,1,开心,5,厌恶"
"第一印象只需一天就能形成。更别提还有10次突袭和大量的PVP，我会应付得来的。,1,开心,2,生气"
"除了这个小小的惊喜，今天是各种各样的不爽。。。。。。,2,生气,0,悲伤"
"不知道是便秘了还是菊花不好使了,2,生气,5,厌恶"
"我没哭，是你哭了,2,生气,0,悲伤"
"不错，我有皇冠助我，还有309。你能把它和那些比较一下吗？,3,惊讶,1,开心"
"兄弟，简直一模一样,1,开心,3,惊讶"
"说好的梨花就成蛋卷了,其实蛋卷也挺好的,可瞬间老爆十几岁,感觉不会再爱了!!,2,生气,0,悲伤"
"蚁人保罗·路德好英俊Ps:为什么不是叫蚁侠？,3,惊讶,1,开心"
"嗯……我发的时候它没起作用，但现在它起作用了……超奇怪的,5,厌恶,3,惊讶"
"结果都是靠买题作弊得到的资格。,5,厌恶,2,生气"
"它一点也没伤到我,2,生气,1,开心"
"据说，刚刚昆明新机场又垮掉了。,2,生气,4,恐惧"
"老娘抢的头破血流，没试衣服裤子就回家的胆子你们有木有！？？,3,惊讶,2,生气"
"我从未想过这一点,3,惊讶,2,生气"
"好嘛，大红！,3,惊讶,1,开心"
"不是吧我忙了多少天，雨跟我多少天。,3,惊讶,2,生气"
"耶，很明显是我看错了，因为……我确实看错了。我没有给你投反对票。,0,悲伤,2,生气"
"呵，这些年来我一直“确信”没人会来拿走我的枪。好像他们一直在撒谎。,0,悲伤,2,生气"
"这里是欧洲最后一片净土，钓鱼、出海、登山、攀岩，不比逛街压马路好玩吗？,2,生气,5,厌恶"
"果然是暴发户:学校发放家庭联系表,儿子看了看那表上的内容。问暴发户的爸爸:“爸爸,‘民族’这一项怎么填?”爸爸想了下,说:“填‘贵族’。”,1,开心,2,生气"
"每天觉得最烦的两件事莫过于起床和洗衣服[哼][抓狂],5,厌恶,2,生气"
"我他妈的,0,悲伤,2,生气"
"明天回学校准备考研。此刻心情:,0,悲伤,2,生气"
"你的指导太糟糕了……做好准备，看看[姓名]是如何运用[姓名]的,4,恐惧,2,生气"
"请看看触目惊心的一次性筷子制作全程吧！,5,厌恶,4,恐惧"
"前几天就打过醒，是只纯虫就莫装B，否则就要遭雷劈。,5,厌恶,2,生气"
"失眠神马的最讨厌了。,0,悲伤,2,生气"
"。天啊[花心][花痴]居然可以跟~偶像[抓狂]王力宏合照[花痴][一箭穿心]尖叫中[抓狂]馬上變成小粉絲,1,开心,3,惊讶"
"一只单身狗、、,5,厌恶,0,悲伤"
"如果你不对那些关心你的人表现得像个混蛋，你会对自己感觉更好。,2,生气,5,厌恶"
"你,能不能说出那句我要我们在一起,彼此一起努力。。。,0,悲伤,2,生气"
"反正不是彩琳就是敏智了这还要拖一拖 &gt;&lt;,2,生气,0,悲伤"
"我现在很能体会那种脑袋破了个洞,脑浆子往外流的感觉。,1,开心,2,生气"
"你很好,你对每个人都无差别的好,我也想对每个人微笑,想做到对绝大多数人无差别,可是有的人总在我微笑前就转过头去了,跟有的人在一起聊天就是不得劲,,有什么办法。。。,2,生气,0,悲伤"
"再不爱护皮肤就稳死吧,0,悲伤,2,生气"
"看了很多招聘要求,一个比一个奇葩,没后台就是这样。呵呵。,0,悲伤,2,生气"
"哇，‘毒性’这个词已经被用了一千八百遍，越来越没有新意了，尝试点新的吧。下一个！,2,生气,1,开心"
"耍了一天啊............累死了还感冒...上火,0,悲伤,5,厌恶"
"奶奶的。。。,2,生气,0,悲伤"
"娘的。,5,厌恶,2,生气"
"虽然腿发软。还有,食量激增啊[可爱][lxhx懒腰],1,开心,5,厌恶"
"一股江南style味山寨+网络歌曲无便忍,0,悲伤,5,厌恶"
"你们知道我现在的心情嚒,小说看到最后3章然后收费了...????,2,生气,0,悲伤"
"也许在G联赛打5到10场比赛，能帮他找回一些状态？,1,开心,3,惊讶"
"我是胖了多少啊........,5,厌恶,0,悲伤"
"哦，不。,3,惊讶,2,生气"
"晚上,在台灯下,静静地,看着书,喝着茶,若有所思。,1,开心,0,悲伤"
"收起你们的不可一世,收起你们的刺,我不收拾,有人收拾你们,把你们的一切交给时间去评判吧。我不欠你的,你也不欠我的。所以,farawayfromme.讨厌sbr。讨厌,极其的。做人最起码的道理都不懂。[哼][怒骂][怒骂][衰][衰],5,厌恶,2,生气"
"今晚我也不开心，但没必要对每件事都抱怨，让情况变得更糟。,0,悲伤,2,生气"
"反正钱不到账老子明天就不回资阳了,3,惊讶,2,生气"
"你们相信张杰谢娜离婚了吗!!!!!!!!!!!)反正我不信你们相信邓紫棋和张杰在一起吗!!!!!!你们想多了吧!!张杰谢娜要正能量好好的!!!![爱你][嘻嘻][鼓掌][心][围观][围观][围观],1,开心,2,生气"
"刚织一条围脖就引来几个僵尸转发......这种夜以继日的工作热情,让我说什么好呢?,1,开心,2,生气"
"小明的女朋友突然提分手,然后拎包闪人了。今天早晨回来敲门,说不分了。问原因,她说还要改qq密码、淘宝密码、皮皮精灵密码、银行卡密码,还得换手机号,还有一大堆的手机验证,所以不分了......,5,厌恶,1,开心"
"怕走不进那个世界...,0,悲伤,5,厌恶"
"搬个寝室都纠结哇,,,mmd抢我们班寝室搞么什哦,,,连累一群人,,,(+_+)~狂晕~~,2,生气,5,厌恶"
"NND，真的要征房产税了？,2,生气,3,惊讶"
"终于知道我为什么会推个圆寸了~~17号女子监狱演出的段子,就是讲犯人的故事,尼玛发型正好配上,不用老师劝我们推头发了~~~[泪][衰][怒]这就是为艺术献“头”!!,2,生气,0,悲伤"
"这取决于药物。大麻让我变得不爱社交，在公共场合时，我感到疑神疑鬼，好像每个人都知道我嗑药了。,4,恐惧,0,悲伤"
"今天同桌说好无聊啊唱首歌吧...然后我就唱“sexyfreeandsingle,i'mmrsimple...”......还挺合适的==......,5,厌恶,1,开心"
"真CUTE....倒是真的..,1,开心,3,惊讶"
"街坊上有个老头叫卢基杨,他并到以后家里人给他买了一口棺材,上好的木料做的,又从城里拉来白面、伏特加酒、咸鲈鱼,可是卢基杨的病竟然好了。棺材怎么办?钱都白花了。家里人就为这个唠叨了他五年,把他活活唠叨死了......——布宁《乡村》,0,悲伤,2,生气"
"//@张幼才：这样的人在教学生？,3,惊讶,5,厌恶"
"天天闹过去闹过来人人都和我合不来老子都要崩溃了小事可以化无而你我之间就不行问题要复杂化,2,生气,0,悲伤"
"看到我房间那个因为跟我哥打架被他弄坏掉的门,就会想起我哥事后n久某天问我(很不耐烦地):你的门怎么搞坏的?!我幽幽地说:还不是你打坏的,2,生气,0,悲伤"
"原来facetime音频国行版全给阉割了,我刚刚才知道为啥我的手机一直没有而港版派四却能用了。亏我还以为手机旧了!闹心,没关注过,早知道我才不要买国行!,2,生气,3,惊讶"
"你荒废时间时,有多少人在拼命!,1,开心,2,生气"
"总是很饿,所以去睡了。,0,悲伤,2,生气"
"[名字]内心深处涌动着[名字],1,开心,0,悲伤"
"可能是绊倒了，或者是在干摩擦中达到了高潮，但很明显，他们并没有真正地做爱,1,开心,2,生气"
"你看起来很生气啊。#一切都会好起来的,2,生气,1,开心"
"【厌恶】我厌恶,在车上有人对着我抠鼻疙子...更厌恶,那个人还把抠完的鼻疙子弹向我...最厌恶,那人还是个大妈!!当然,大爷也不行!......,2,生气,5,厌恶"
"每次看见人家在我面前把电脑大卸八块都有种亲眼看到自己老婆被强x的错觉。。,0,悲伤,2,生气"
"""""刚做了个动图集,囧，26点了，居然也没睡...,3,惊讶,5,厌恶"
"自己蛮傻逼的把所有人移除取消关注之后想关注你结果发现你忒,5,厌恶,2,生气"
"回家了,第一顿吃撑了都。,1,开心,0,悲伤"
"我只想说，我什么都不知道。我只是个在岩石上的猿人。,2,生气,3,惊讶"
"疯了真的,4,恐惧,3,惊讶"
"我能有多骄傲,不堪一击好不好,一碰到你我就被撂倒,一个远远的微笑,就掀起汹涌波涛,有闻到眼泪沸腾的味道,明明你也很爱我没理由爱不到结果,只要你敢不懦弱凭什么我们要错过,你真的有办法舍得不要祝福你真的可以睡得好[心],0,悲伤,1,开心"
"和妹妹看着电视剧我在笑，她却在哭,3,惊讶,0,悲伤"
"体力严重不支且有小小害怕的感觉，这要早几年那是一切刺激的游戏非我莫属的主啊！,0,悲伤,4,恐惧"
"。昨天和一男同学聊最近小三猖獗。。他说他有一次在他爸爸的手机里有一个人的名字存储为老婆，但是号码不是他妈妈。。他大惊，背着父亲战战兢兢回过去，发现是一个五十岁的大叔。。他最后自我劝慰说，可能有人姓婆吧。。我已经倒在凳子上笑的不省人事了。。。。,1,开心,4,恐惧"
"[NAME]先好好练习，多看些教程，再开那瓶价值100美元的法国香槟，别搞砸了,2,生气,1,开心"
"嗨，来自曾经的[姓名]！好好享受这个周末的雪吧，我们爱荷华州几乎没下雪，这简直太荒谬了。,5,厌恶,1,开心"
"打了两小时长途漫游居然还没停机居然还有3块钱!,3,惊讶,2,生气"
"你玩的是托尔比斯（Torb）……这就是原因。开个玩笑，不过这真的很奇怪,2,生气,3,惊讶"
"从明儿开始到开学前、一概不接受晚上的饭局。称上的数字,3,惊讶,2,生气"
"阴森森的吓死爹啦！,5,厌恶,1,开心"
"我觉得自己好假,就像一个假人。,1,开心,0,悲伤"
"。就今天赶到当地所了解到的，所谓的三天摆平老百姓的言论是真的事实，出自新上任镇长之口；传闻中被扔出去的静坐者是一个老爷爷，现已奄奄一息，靠强心针续命。。现在当地镇政府门口以及周边马路已经不允许进入或靠近，意指向上级汇报政府门口的静坐已经摆平。。维稳闹出了人命，还能摆得平么?,5,厌恶,2,生气"
"笨蛋[羞嗒嗒]我喜欢你[纠结][纠结],4,恐惧,1,开心"
"经常做梦，梦见高考，数学太差，考不起大学，在梦里，彷徨失落慌张焦灼苦恼烦闷郁结。。。。。,0,悲伤,4,恐惧"
"mua该该！,1,开心,2,生气"
"苦始苦终，昨天早上十点阿里出发，今天早上三点北京到达。,0,悲伤,1,开心"
"真是无礼至极。,0,悲伤,2,生气"
"我坚决支持这一动议，而且非常坚决！！,2,生气,1,开心"
"昨晚上吃胶囊感觉没咽下去早上起床觉得它还在喉咙管[生病],5,厌恶,4,恐惧"
"我知道它们受到了很好的照顾，但其中一些还是死了。,2,生气,0,悲伤"
"。（灵异事情） 尼们仔细看看这静态的图究竟有多少个黑点？。帮我数数，我感觉有点不知所措！。（绝对不是动画，不信你可以看看图片文件格式）,4,恐惧,3,惊讶"
"忙到没时间煮饭,2,生气,0,悲伤"
"手机停费了!!!!,0,悲伤,2,生气"
"而且我觉得自己已经25岁了，不该再演这种戏了,3,惊讶,2,生气"
"。早，疫苗副作用，低烧。。上网查查，那说明我的免疫系统正敏感出击。。上午一个重要会。。强烈纠结中。。去还是不去，任务都在那里，不增不减。,5,厌恶,0,悲伤"
"神马都随之而来,都烦透了,还怎么文艺,怎么小清新。,2,生气,0,悲伤"
"做什么伟人明星都不如做党每年七月都有那么多孩子宣誓献身给党啊,1,开心,5,厌恶"
"我刚刚和死党订了娃娃亲:将来她生儿子必须娶我。[威武],2,生气,1,开心"
"是老媳妇儿死了吗？......,3,惊讶,0,悲伤"
"我同意。从内容到帖子中的回复，都显得不幸且残酷,5,厌恶,1,开心"
"七十年过去了，有几个中国人知道在影视作品中恶贯满盈的张灵甫是抗战英雄。,0,悲伤,5,厌恶"
"自助快吃吐了,以后再也不涉及肉类[吐][吐][吐][委屈],1,开心,0,悲伤"
"准备下班时,把文件保存在u盘上,同时关网页,文件夹等,没想到,突然死机了。算了,直接下班吧。可惜侥幸不成,回家发现u盘中没有文件......[汗]文件啊文件,拜托!希望明天上班在单位电脑上有奇迹![威武],5,厌恶,3,惊讶"
"背部抽筋是什么情况。。。[衰][生病],0,悲伤,3,惊讶"
"我不是直男的原因之一????,3,惊讶,0,悲伤"
"我只对家里人发脾气。不对外人发脾气。那只能证明我很在乎你们。,2,生气,0,悲伤"
"周末带儿子逛商场,儿子戴个墨镜,我有给他拍张照片的想法,然后就偷偷地去拿相机,手刚刚摸包包还没伸进去,儿子说:妈妈,你别拍,你要是拍我就不戴了。我[黑线][黑线],0,悲伤,5,厌恶"
"发觉恋爱真心可以提高一个人的应变能力和表达能力,徐宝从一开始的话都说不流利,变成了如今这样:比如我跟他说,异地的话把女朋友常挂嘴边,可以避免艳遇。过了半秒钟丫回到:没事儿,我会直接和别人说,我已经结婚了!有妻室了!前几天他发了个信息:明天我要开始好好努力!北上娶你!,2,生气,1,开心"
"不知道在黑暗中奔跑了多久，可眼前仍旧是没有尽头。,0,悲伤,4,恐惧"
"还行不行了！,2,生气,5,厌恶"
"我的8879今天终于拖走了，满身伤痕，满身泥泞。。。,0,悲伤,2,生气"
"我了个擦擦擦,两天就这么看完我可能不会爱你了,果然还是这种我听得懂语言的剧比较有效率[挖鼻屎],0,悲伤,2,生气"
"【眷恋一座城市的原因】问:“眷恋一座城市,到底是因为爱上了这座城市,还是因为爱上了这座城市的人呢?”复:“因为在这儿买了房,房贷还没还清...”[转],1,开心,0,悲伤"
"重庆出版社,你《冰与火之歌》书籍精装版和我之前买的不一样就算了,就连平装版也更新!让吾这样强迫症的该如何是好!太贵了!,3,惊讶,0,悲伤"
"放任无奈,淹没尘埃,看花开花落,冬去春来,美景仍在,心成空白...,1,开心,0,悲伤"
"[神马][神马][神马][疑问][吃惊],2,生气,3,惊讶"
"如果你坚持不下去，就去玩Farmville吧。,2,生气,1,开心"
"我要你相信温暖美好信任尊严坚强这些老掉牙的字眼不要你颓废空虚迷茫糟践自己伤害别人,1,开心,0,悲伤"
"。在京仪大厦跟咕咚品咖啡 帅哥！。跟帅哥一起喝咖啡尼！。咕咚 同事老帅了！。可惜我今天么倒饬下！。靠！。早知道见帅哥早晨我就油漆门脸拉…,0,悲伤,1,开心"
"有一天你会知道,人生没有我并不会不同。,1,开心,0,悲伤"
"高考语文作文真她妹变态，身边很多人没写完，出门时候还看到有人因为没写完哭了…,2,生气,3,惊讶"
"并顺祝吴兄家人以及各位端午安好。,0,悲伤,1,开心"
"今年马刺最后20场比赛10胜10负,去年热火最后20场11胜9负,11年小牛是12胜8负,10年湖人是11胜9负。。。波波现在肯定在对着技术组发飙:养你们这帮废物干嘛用!数个数还给我数错!!!,1,开心,2,生气"
"她通过吸入它们来拒绝它们[如果听起来不好，请见谅，请不要踩],0,悲伤,2,生气"
"娘并不可怕，可怕是你给老子装男人。,1,开心,5,厌恶"
"大连25岁的刘女士晚上骑车回家,突然一个身影出现,她仔细一看,这人长得非常难看,平时胆小的她受惊吓摔倒在地。对方只是问路,刘女士却嘴唇磕破,4颗牙不同程度磕掉碴。气不打一处来的她拦住对方不让走,最后民警调解,获赔500元。,2,生气,5,厌恶"
"作为一个如果放任自己完全可以一口气吃下三个甜甜圈的人，这个女人摄入的糖分量仍然让我心生恐惧,2,生气,4,恐惧"
"陆上的人喜欢寻根问底,虚度了大好光阴。冬天忧虑夏天的姗姗来迟,夏天担心冬天的将至。所以他们不停四处游走,追求一个遥不可及,四季如夏的地方。我并不羡慕。,1,开心,0,悲伤"
"真是无聊,2,生气,5,厌恶"
"我不知道我还用什么样的方式留住现在的我自己,因为我想吃我再也不会和现在一样努力了。我会看着我瘦下去的轮廓一点点肿起来,腰带一点点松懈,大腿一天天臃肿,再难过又有什么用。那个中医说我是要死的人,我真是要怕死了。,0,悲伤,4,恐惧"
"你真他妈把射洪人的脸丢大了我觉得,怎么我微博上还有这种脑残而且我还认识。,3,惊讶,2,生气"
"我宁可什么都没有。,0,悲伤,2,生气"
"。钢的琴~片长: 120分钟(完整版) / 105分钟 / 95分钟(中国大陆) 哎~~中国大陆淫民为毛就只能看删减版,0,悲伤,2,生气"
"李夏怡,1,开心,4,恐惧"
"这是病,得治。,1,开心,4,恐惧"
"一位不愿透露姓名的林州市人大领导讲“内部通报”:事发当晚,郭增喜等人酗酒后,邀约去歌厅“放松娱乐”,远远看见歌厅附近抱着孩子的李青峰夫妇,几个人借着酒劲打赌猜李青峰怀里抱着的婴儿是硅胶玩具还是真人。郭增喜咬定是玩具,遭到同行者取笑,为了证明自己的判断正确,遂发生了上述悲剧,0,悲伤,5,厌恶"
"但牛奶是贝塔食物！谁会想喝从乳房里挤出来的娘炮屎？我的孩子要喝骨头汤和心碎女人的眼泪！！,2,生气,0,悲伤"
"哎别人放假去扫墓,我却呆在宿舍写作业,5,厌恶,0,悲伤"
"算了，不跟你计较的，勉强说可以吧。[太开心],5,厌恶,1,开心"
"> 睡在我明知我妻子想杀了我的人旁边！,4,恐惧,2,生气"
"对于澜子转发的青黄微博从无视→偶尔看看小字→图片的话点开→既然这样文字也→这样的梗大丈夫o口o→好萌qvq→果然该是这样的相处模式呢~\(≧▽≦)/~(医生,我只想知道我还有救吗?,2,生气,5,厌恶"
"当然。这太让人疲惫了。,0,悲伤,2,生气"
"麻痹!工作都交话费了,0,悲伤,2,生气"
"忙里抽空,冷语相传,痛哉,2,生气,0,悲伤"
"“有时候你脸上有一种表情/让我想起我父亲过世以前的样子/有点朦胧模糊的感觉/好像拍照时摄影师的手晃了/有次我问我爸爸那种神情是什么意思/他跟我说那是一个人花太多时间跟其他人类相处才会有的神情”,2,生气,3,惊讶"
"要SHI啊，挑了好几次了才挑上一件喜欢的又合适的！,0,悲伤,5,厌恶"
"天哪，我居然在学心理学，笑死我了，我现在是不是要人生失败了？,2,生气,1,开心"
"这极其危险。而且会彻底将没有芯片的人边缘化。因此，每个人都必须拥有一个芯片。,4,恐惧,2,生气"
"每次倒过垃圾之后,都将我的小垃圾娄丢在大垃圾桶旁边,然后自己一个人回去。。。所以只要大垃圾桶旁边有个小垃圾娄,毫无疑问,那一定是我的[吃惊][吃惊][吃惊],0,悲伤,3,惊讶"
"可能别再问我好了嘛?我又不是崴着脚,两三天就能好的!,2,生气,0,悲伤"
"黑夜太黑,白昼太白,其实我喜欢下雨天,滴滴答答的雨连成片,看不清远方的路线。朦朦胧胧的天空听不懂雷鸣的哀怨。,1,开心,0,悲伤"
"吹出来20.1的人伤不起阿。,0,悲伤,5,厌恶"
"对老、我要记录下来、我昨晚上做梦上演老一集聊斋、我还是男主角、但是比电视剧那个聊斋要稍微恐怖点、我救捞一个快要挂老的女妖怪[奥特曼] 、还有个男妖怪我木有救、啊哈哈、,1,开心,4,恐惧"
"在你眼中我是一粒沙尘咯~~体开d啦梓锋。,2,生气,0,悲伤"
"“我们需要为自动门发起一个众筹吗？”哈哈哈哈！,1,开心,3,惊讶"
"我笑了　你带我们去看别人校门建的有多好看吗。,5,厌恶,1,开心"
"哎,上班环境堪忧,忧愁!,2,生气,5,厌恶"
"泛滥成灾~~,0,悲伤,2,生气"
"上电梯的!!!能让下电梯的先出来么!!挤啥子嘛!!!!,2,生气,5,厌恶"
"白天睡太多的结果就是现在这个点我还异常清醒着,2,生气,0,悲伤"
"卧槽以前我要写书的时候,老汉说有个成绩黑好的就是去忙着写书去了成绩黑撇老,现在我混二次元,老汉又说有个成绩黑好的就是喜欢动漫然后成绩黑撇了。。呵呵你把那些学霸放到哪里去了qwq还有劳资的手机,妈蛋不晓得啷个回事就烂掉了,企鹅渣浪都上不了,简直不要人活[拜拜][拜拜][拜拜],0,悲伤,2,生气"
"中秋快乐～～,1,开心,0,悲伤"
"音乐这条道路虽然很难走,但是我也要把它走完,凡事做任何事就一定要做好做完不能半途而废。坚持加油。还有,0,悲伤,1,开心"
"。据说，刚刚昆明新机场又垮掉了。。TNND，硬是空军做后台不怕啊？。现在赶往533医院，估计又是拍保安了。,2,生气,5,厌恶"
"[男孩儿][女孩儿][爱心传递],0,悲伤,1,开心"
"真的不想跟你吵,有时候连解释都懒得了,0,悲伤,5,厌恶"
"第二次收邮件收到中午想起来早上的药没吃。。,2,生气,0,悲伤"
"早上一醒来,就发现嗓子好疼。哎,这一周啊,0,悲伤,2,生气"
"我本该是个非常优秀的人啊可能我就是这么骄傲矫情我一直留着柳同学当年高考前给我发的那条短讯我怕我有一天回忆不起来那段努力诗意无悔的时光我还是那么容易地被别人一句间间单单的话感动激励姐夫昨天给我说“急啥,老天不考虑你也会考虑我的,我还等着你工作被包养啊”是啊我急个蛋啊,1,开心,0,悲伤"
"不要指望一个曾经厌恶你的人会和你突然变好。。。因为。。狗改不了吃屎。。!!![睡觉][睡觉],2,生气,5,厌恶"
"下午主管开会,帮主管接了个电话,我说了一句小朱不在,谁知电话那头传来老板的声音[泪]他冲我一句说:那我是不是要叫你老黄了?我说:没没没。老板说:下次知道了噢!我:恩恩。,5,厌恶,2,生气"
"你不做这件事就太傻了。,2,生气,0,悲伤"
"就是考试前一天大姨妈在拖了一个周后带着痛经来拜访了!!!!!躺在床上回忆一下预习过去的内容------发现早已在脑子里形成了浆糊[抓狂],0,悲伤,2,生气"
"> 他们正在研究一些新东西……TLWGAS。我不怕承认，我太笨了，想不出这到底是什么意思,2,生气,3,惊讶"
"你说得对。我会尽快卸下我的手臂。,3,惊讶,1,开心"
"想到一个萌萌哒的脑洞......在注册帐号的空间忘了,0,悲伤,1,开心"
"然后，他像刺杀五名警察一样，躲进了一个干草堆里,4,恐惧,2,生气"
"心寒...,2,生气,0,悲伤"
"随便说一句而已！又弄来这么多张！你是要我这几天住影院了！,3,惊讶,2,生气"
"谢谢姐的包容,我会慢慢变好的,不再让爱我的人再受伤害!,1,开心,0,悲伤"
"这种荒谬的比较竟然如此详细和明确，让我觉得整个殴打小女孩的事情是他令人厌恶的性幻想的一部分。,5,厌恶,2,生气"
"弟弟的小女朋友加我为好友，真是败给小企鹅????的自动分组了,3,惊讶,0,悲伤"
"你要考虑的多着你以为自己做得了什么决定,0,悲伤,2,生气"
"我坚信每一段感情的相遇都不是那么美好的。好像说好的一样,下班,打雷闪电大暴雨,公司门口的主干道全被淹了。于是决定坐同事的车到地铁站,仓促中忘了自己还穿着室内拖鞋,没换人字拖。跨出车门和同事说再见,低头看到自己的白袜子,一抬头看到路边等taxi的男神。,2,生气,5,厌恶"
"这可能是奥兰多魔术队历史上最糟糕的犯规,5,厌恶,2,生气"
"据我所知，他们中的大多数人在技术上并没有违反真正的法律。但就我个人而言，他们中的很多人让我感到厌恶。,2,生气,5,厌恶"
"现在感到不安,4,恐惧,0,悲伤"
"为什么轮到我的时候麦克风突然没有声音了,崩溃啊啊啊啊啊啊~~,0,悲伤,2,生气"
"哇靠你们闹事就闹事吧也不至于从楼上丢饭碗下来吧,3,惊讶,5,厌恶"
"我只是上课的时候用舌头舔了下牙齿啊...不用吐出来一片门牙吧...现在我都能感觉到牙齿是...空的啊...,2,生气,5,厌恶"
"[神马]有些人缺德/不缺德,都是一样的因为钱和无知!根本就不知道什么叫道德什么叫爱护,只是徒有个虚名罢了![晕][晕][晕],0,悲伤,2,生气"
"是不敢太大声,生怕它从指缝间偷偷溜掉。,1,开心,4,恐惧"
"“妈妈,平板电脑在哪里?”“不知道,你找找。”“找不到。”“你有没有超能力,试试......听说外星人就有超能力......”“我才不信呢!”过了一会儿......“到底在哪里......”“你呼唤它啊!”“呼唤?不就是'叫’吗?那你呼唤啊!”,5,厌恶,2,生气"
"12月下旬到现在发现！潜伏期这么长，好难控制！,3,惊讶,4,恐惧"
"今年冬天像极了那个夏天同样拥有失去拥有失去到失去,0,悲伤,1,开心"
"一小瓶药水98元,可那真的很管用,就算自己掏腰包那要何妨,难道你就不想想你妈妈屁股淹啦,有多难受嘛!再不擦拭会感染的,同样发生在慈祥老人身边的小事。。。,2,生气,0,悲伤"
"说我吃了维生素耳朵就会好起来,然后我感觉自己好懒...懒得好想偶尔听不见,停止受累...后面的话懒得打出来了........................,1,开心,2,生气"
"美国奇葩法律:it’sagainstthelawtosingoff-key.----northcarolina唱歌走音是非法的----北卡罗来纳州cuttingdownacactusmayearnyouatwenty-five-yearprisonterm.----arizona砍下一棵仙人球可让你坐25年牢。----亚利桑那州[话筒],5,厌恶,2,生气"
"明天好多事要办,可是星期三耶,右眼跳了!,4,恐惧,0,悲伤"
"以前觉得靠关系的人一定很无能。接触后发现人家样样比我强。,1,开心,3,惊讶"
"那么你是说，这是关于外貌的，而不是厌女症。,2,生气,3,惊讶"
"去年自称女汉子的那批绿茶婊开始自称逗逼了,而在女汉子之前她们还曾自称宅女,5,厌恶,1,开心"
"感觉自己好迷茫好无助好无奈......难道世界上只有我一人?,5,厌恶,0,悲伤"
"52路车我完全不知道是怎么绕的，坐了半小时，绕了一堆我不认识的路，才刚刚绕到长湖路上！,2,生气,3,惊讶"
"逆袭啊,少年。[哈哈][哈哈][哈哈][哈哈]自娱自乐[哼][鄙视][害羞][睡觉],2,生气,1,开心"
"有时候真的快疯了...!,0,悲伤,5,厌恶"
"哦，天哪，我爸爸也要惊讶了,2,生气,3,惊讶"
"这几天脾气好冲,不知道为啥。看什么都碍着眼,做什么都觉得少了点什么。一口躁动无处发泄,好想回家打扫卫生,在床上打个滚吼两下,发发疯。快放假了,不去补课,有24天。拟好表格,把要做的的都记下,感觉事情好多,事实又好空。是不是不该认真。我到底在怀疑些什么呢?[我的脾气很烂],0,悲伤,5,厌恶"
"我把音量开得很大，声音却突然消失了。感觉就像早晨那些恶搞视频一样。,3,惊讶,1,开心"
"棒棒棒[good],2,生气,1,开心"
"难道只有我不喜欢tfboys？？？,3,惊讶,2,生气"
"为了看大肠的说说,我特地下了个手机qq,嘻嘻嘻嘻......,2,生气,1,开心"
"不管做什么一定要做到最棒,别人的脸色让别人去看,只有自己的脸色才能看,臭臭的谁爱闻谁闻,留下的一定要是美好的~,0,悲伤,1,开心"
"一到家，母后就数我脸上的痘痘，还撩起我的刘海看额头，然后表情超级夸张半脸惊恐半脸嫌弃地说：天，这么多！吓得我立马去照镜子，左看右看才三四个啊[白眼]母后你太过分了。#对颜值过分要求的家长#,3,惊讶,4,恐惧"
"每个人都有一个不想被人入侵的地方吧。昨天关注了大嫂,结果今天再进了她的主页却发现微博数为零。啊啊啊我错了,可是昨天的微博我没看出啥不正常啊啊啊啊啊啊啊啊啊,0,悲伤,5,厌恶"
"这点工资,两双鞋子就没了[闭嘴],2,生气,0,悲伤"
"所以，你正准备为你的仇恨辩护。真是有觉悟啊，开明之人,2,生气,1,开心"
"哎~~~只能望机兴叹了~,0,悲伤,1,开心"
"当时这笔交易很划算，我们交易出去的所有球员基本上都是对A队来说最糟糕的情况。,0,悲伤,1,开心"
"家里的伞都快能下崽了…,5,厌恶,2,生气"
"尼玛 你让这些去不了的 真心想给金俊秀应援的苦逼孩子怎么想。。。,2,生气,5,厌恶"
"天哪，谁会去格雷格斯吃“披萨”啊？,2,生气,3,惊讶"
"有趣的趋势。等他们了解到教会的种族主义和历史主张时，再看看吧。,3,惊讶,1,开心"
"说来也怪，我竟然还挺喜欢的,1,开心,3,惊讶"
"我的妈妈是个好人岁月你别伤害她,5,厌恶,1,开心"
"1-2-3-4 我宣布开始掰手腕比赛！该死的[名字]，你又赢了！好吧，你又可以戳我了 :(,0,悲伤,2,生气"
"搞不懂某神经在想些什么?[汗],2,生气,5,厌恶"
"我和[名字]是高中同学，真没想到他竟然是岛人队的球迷，哈哈,1,开心,3,惊讶"
"大叔,你们可不可以不吸烟!,2,生气,0,悲伤"
"if当官,万妇膜开!赞一个~,3,惊讶,2,生气"
"还要考试！！,2,生气,5,厌恶"
"“有意思。但这样还是有点像是猜目标有多远吧？我喜欢《绝地求生》，但从不狙击。”,3,惊讶,1,开心"
"我勒个去~好大一朵烂桃花。。。[哼][哼],0,悲伤,2,生气"
"不知道为什么,热火输过很多场球,只有今天这场让我感觉很压抑很难过。再加上要我搬出去的事,为期六周课程设计的事,简直是难过的要死。心里很抗拒,但却没有办法,这种感觉,不是一个憋屈可以形容的。别人总是会跟你说没关系的,不要紧的。可是好不好,高不高兴也不是我自己可以左右的。,5,厌恶,0,悲伤"
"今天的心情真的很不好,很烦躁。,0,悲伤,5,厌恶"
"[挖鼻屎]虽然担心车子把英超第四搞死，但还是解气，不是不报，时候未到。[困],5,厌恶,1,开心"
"你说明天自习取决自愿,又说要记名字,你到底是几个意思?今天突发的意外,明天计划一团乱麻...,0,悲伤,2,生气"
"检察院竟冒充工商局，酷刑逼供，非法关押取证，区法庭拒绝六位证人出庭偏听偏信，事实清楚而法院枉判。,5,厌恶,2,生气"
"好吧，如果这篇帖子不是像在照镜子，那我不知道还有什么算。,3,惊讶,2,生气"
"学了就忘，考了就放，一用就慌，毕业就晃！,5,厌恶,4,恐惧"
"提着一个罐子经过广三便利店买了个胶袋,收银阿姨来了句“提姜醋蛋给老婆吃吗”~剧情需要,我答是的。。。,5,厌恶,1,开心"
"你的电脑性能强劲吗？看起来就像战地之神一样强悍,2,生气,3,惊讶"
"身为农民，安身立命的根本土地被强征，代价是区区的人均一万多元，甚至不够一年的花销。,2,生气,5,厌恶"
"。太可恶了！。东京电力公司4日宣布，将把福岛第一核电站内含低浓度放射性物质的1.15万吨受污染水排入海中，这些污水的放射性物质浓度是法定限度的约100倍。。如果准备顺利，污水从5日就将开始排放。。新华社发（关贤一郎摄）,2,生气,5,厌恶"
"。9494，奶气是一种境界，你有吗你有吗？。//@葱宝:[哼] 我宝就奶气了点，怎么了[右哼哼] 她有奶气的资本，我宝要奶气有奶气，要纯真有纯真，要女王有女王，你们就羡慕嫉妒恨吧[左哼哼],2,生气,1,开心"
"显然不是。有些人就是比其他人更能忍耐。这是事实。我不知道还能告诉你什么。,2,生气,3,惊讶"
"什么假期都貌似与我们这些低层无关。,0,悲伤,5,厌恶"
"永远听不进去我说什么。。。。,2,生气,0,悲伤"
"真是的。可怜的[名字]。你真可怜。,3,惊讶,0,悲伤"
"伙计，过去几周真的很棒。等月经来潮的时候，你肯定会死的。,2,生气,1,开心"
"是的，尽管我们在随机指标RSI的周线图上刚刚出现了一个交叉，但看起来接下来的四到六周将会变得非常糟糕。,1,开心,2,生气"
"拿一两百都没那么严重,可是你怎么能都拿完呢,你让我怎么办,0,悲伤,2,生气"
"双方都同意后还算是强奸吗？你们才是当今社会的病根，以后少装点傻气。,2,生气,5,厌恶"
"看历史书头疼到站不起来倒在床上拿着手机看小说就停不下来!真想一脚踹了自己!,2,生气,5,厌恶"
"关于每个方向，向下和向上都会遇到同样的问题，而其他方向的逃脱效果则较差。,1,开心,4,恐惧"
"我晚上不吃饭了，我要大份芒果冰芒果布丁芒果西米露！！！,2,生气,3,惊讶"
"老纸这两个星期因为展览的事情已经天天加班各种烦,为毛还得跑来跟我各种矫情要死要活的,艹!老纸真的好他妈累啊!!求放过啊!!,5,厌恶,2,生气"
"为什么我总梦到我只要一踮脚就会飞起来的梦，昨晚梦到已经自带翅膀了,3,惊讶,4,恐惧"
"谁是神谁是鬼!全世界人都知!就得我同你唔知![打哈气],2,生气,5,厌恶"
"安眠药过量了,0,悲伤,2,生气"
"做几单子下午去上班。,1,开心,0,悲伤"
"积树鬼,5,厌恶,0,悲伤"
"我不像从前的自己你也有点不像你但在我眼中你的笑依然的美丽时针只能往前走一个方向顺时钟不知道爱有多久所以要让你懂我依然爱你这是唯一的退路我依然珍惜时时刻刻的幸福你每个呼吸每个动作每个表情到最后一定会依然爱你,1,开心,0,悲伤"
"今天坐公交车,等了一个小时不说,路上还发生车祸[怒][怒]。当时突然一声撞击声,大家在毫不知情地情况下身体失重全部趴到在地[bm中枪][bm愤懑]。当时场面,满满一车人叠罗汉一样[囧]幸亏我站在后面,光荣的趴在了别人的身上[可怜][可怜],0,悲伤,5,厌恶"
"岁月极美,在于它必然的流逝。春花,秋月,夏日,冬雪。你若盛开,清风自来。——三毛,0,悲伤,1,开心"
"小人，奸臣。,5,厌恶,2,生气"
"已不是第一次读起《悲惨世界》,但他却确确实实的使我落了泪,就在冉阿让生命垂危时,3,惊讶,0,悲伤"
"不过，我们这里也不乏白人恐同者。,2,生气,1,开心"
"我的亲娘啊!!!!!!!!,3,惊讶,0,悲伤"
"野心太大,0,悲伤,2,生气"
"我的妈呀，这个实拍的中医放血疗法也太吓人了，看完直接惊得我睡不着！,3,惊讶,4,恐惧"
"智齿是怎么拔的？看完后简直吓尿了！知道牙医有多不容易了吧？,4,恐惧,3,惊讶"
"大半夜的,老弟打个电话...真的是...只想说真的好爱家人...老爸老妈老弟小妹...心理有万种感激...给我那么“宽欲”...谢谢家人相信...爱你们(矫情一次吧)哈哈哈,1,开心,0,悲伤"
"。什么叫杯具？。就是下暴雨的那几分钟刚好是你在路上狂奔的那几分钟！！！！！。尼玛有木有啊！！！！！！。全身湿透了但是我还在外面办事啊！！！！！,2,生气,0,悲伤"
"哦不，你不会是在引用《爱情公寓》吧。,2,生气,3,惊讶"
"究竟有多难堪只有自己知道。,5,厌恶,0,悲伤"
"没有人没有地方让我把气撒出来,0,悲伤,2,生气"
"上一条儿,我错了。突然看到一句话说的是:心态安好,幸福常存。,1,开心,0,悲伤"
"那天妈妈在做晚饭的时候,我抱着小可进厨房对她说:干脆把燃气灶上面的排气管换了吧,太久了。饭后,小可把我拉进厨房,指着排气管对我咿咿呀呀一阵。我问他:叫姑姑去换那管子吗?他点点头。我又问:那把你的压岁钱借点来用行不行?他使劲儿摇着头跑开了。还摆了摆手,估计意思是:当我没说!,0,悲伤,1,开心"
"打了四个人的电话四个人停机天啊你不要这样对我啊,0,悲伤,2,生气"
"啊，我明白了。我还以为你说那些会议让你害怕呢。,4,恐惧,3,惊讶"
"我不会住在偏远的地方。我喜欢芝加哥。,2,生气,1,开心"
"不保证。只会随时间增加风险。,2,生气,4,恐惧"
"今天好火大年前就开始跟进的客户昨天终于合同传过来了心中窃喜因为利润几乎是百分百而且后续还有单今天领导突然问我价格我把价格告诉他他突然说做不了说进价比这售价还高我说为什么我报价前跟你确认价格寄样你都说是这个价格而且昨天给合同你也盖章了敢情您老一直都在神游吗,0,悲伤,2,生气"
"(ノ=Д=)ノ┻━┻ 你妹的会不会说话啊！！！！！,2,生气,5,厌恶"
"是啊，但如果他们没理解，就会去别的地方尝试……比如，也许会去表达一些不受欢迎的观点,3,惊讶,2,生气"
"这特么的就是典型的撂爪就忘好了伤疤忘了疼的劣根！,2,生气,5,厌恶"
"听了个哥哥的经历,谈了三年的朋友因为家庭反对只好分了,我都觉得惋惜......估计这辈子他们心里都有个痕迹吧。我最怕遇见这种人了。ps.拖延症又犯了......要十点就准备睡觉才对!!,0,悲伤,4,恐惧"
"就是,你幻想了很多情节,却在最后被他告知:亲爱的,我不在里面。,0,悲伤,2,生气"
"标题：哎呀，又是个混蛋 文本：哦，好吧，哈哈,1,开心,2,生气"
"甚至多次在上访时被当地警方抓回。。。,2,生气,5,厌恶"
"民主精英们走的太前了，不能与时俱进，现阶段的中国绝不能过头的民主泛滥，全民的素质和文化还不足以人人能对社会发展品头论足，更何况即便全民素质文化超水平，过于散漫的民主没有合理引导和制约，会象散沙一样，沙凝聚起来才能有所作为，群龙无首不能成大器，我觉得现在党领导很好，能打九十分！,1,开心,5,厌恶"
"这种喜欢是最糟糕的,2,生气,5,厌恶"
"南方小姐队是不是又多了一位名字滑稽的枪手四分卫？,3,惊讶,1,开心"
"20多岁的你,迷茫又着急。你想要房子你想要汽车,你想要旅行你想要高品质生活。你那么年轻却窥觑整个世界,你那么浮躁却想要看透生活。你不断催促自己赶快成长,却沉不下心来认真读一篇文章;你一次次吹响前进的号角,却总是倒在离出发不远的地方。请坚韧一些,年轻的朋友,勇敢地前行。,1,开心,0,悲伤"
"为什么这感觉像是右翼的宣传，因为他们对她恐惧到了极点。,3,惊讶,4,恐惧"
"不用了，谢谢，他已经脸红了,2,生气,1,开心"
"为何国企能做的事在私企就不可以了？,2,生气,5,厌恶"
"专门为人做嫁衣的人就是S 13,5,厌恶,1,开心"
"准备下班时,把文件保存在u盘上,同时关网页,文件夹等,没想到,突然死机了。算了,直接下班吧。可惜侥幸不成,回家发现u盘中没有文件......[汗]文件啊文件,拜托!希望明天上班在单位电脑上有奇迹![威武],5,厌恶,3,惊讶"
"能忍的人其实并不笨,只是对自己残忍。,0,悲伤,2,生气"
"加了一大学同学的q,才知道自己与世隔绝了这么久。,0,悲伤,5,厌恶"
"不知道为什么，但这是我在餐馆里最爱吃的一道菜,1,开心,3,惊讶"
"“牙齿白不是为了配合穿金戴银，是让你们活得更干净”黑人牙膏在年代剧中的广告植入真是吓坏了我,3,惊讶,4,恐惧"
"你相信脑和心是能分开的吗,一个人,明明脑复杂的要死,可心却单纯的要命。,0,悲伤,1,开心"
"公交车上一年轻女子眉飞色舞的对同伴讲述她前几日陪一个朋友拿着两仟块购物卡去消费，眼里放射的光芒让我惊竦，……………,3,惊讶,4,恐惧"
"做最脏。最累的活的人是贱。,2,生气,5,厌恶"
"[姓名] 这段话真难熬。请转发到r/sadcringe吧,0,悲伤,2,生气"
"害怕自己重要的人忍受不到自己才哭泣,0,悲伤,4,恐惧"
"那是我见过的最糟糕的酸奶,0,悲伤,5,厌恶"
"【女孩武汉地铁里催大妈“快点走”被压地骑身上】11月12日，在武汉地铁2号线江汉路站内。两名女子因一言不和大打出手，大妈甚至骑在年轻女子身上撕扯头发，有话不能好好说吗？,4,恐惧,5,厌恶"
"刚说完sorry就在楼梯上偶遇,5,厌恶,3,惊讶"
"今天旁边泳道有圆圆的家伙抱着个铅块在泳池下面走啊!双目圆睁腮帮子还憋得像个茄子啊!让我直接想到了进击的巨人啊!还是奇行种的啊!我差点笑喷了溺水而亡啊!!!,0,悲伤,2,生气"
"家猫的寿命大约为5年，所以让它们待在外面基本上就相当于被判了缓期死刑。,0,悲伤,2,生气"
"我是个无政府主义者，我不会阅读,0,悲伤,2,生气"
"瞧了陕师大中国化专业复试题。再瞧那个面试。感觉下午喝的粥直往上反。太吓人了。要这么整我觉得我可以去屎了。。,2,生气,4,恐惧"
"有想要做的事吗有想过自己的未来吗有想过别人吗有活的比别人辛苦过吗没有吧只是浑浑噩噩的过一天算一天这也许是你所不想改变的人生我也不想多说什么反正你自己的人生你自己掌握与我一点关系都没有我爱插手我鸡婆我承认以后不说就是了反正我的内心强大足够承受这些,0,悲伤,2,生气"
"回来缕了好几遍。发现竟然这么一回事。有点儿意外。接下来我有足够的时间足够的耐心去搭建这个舞台。啥都不是遥不可及的。您瞧好吧。[做鬼脸],2,生气,3,惊讶"
"出差也心神不宁，给家打电话我的小宝贝在受罪吗？,0,悲伤,5,厌恶"
"就像人们会为他们的球队赢得超级碗而大肆庆祝一样，人们觉得这很有趣。,3,惊讶,1,开心"
"我愿带着完整的意志和精神死去！,1,开心,0,悲伤"
"没错！共和党人太懦弱了,1,开心,2,生气"
"别再折腾农民了！,5,厌恶,2,生气"
"在低级别俱乐部崭露头角的21岁球员，通常会引起大俱乐部的兴趣。看看他的表现会很有趣。,3,惊讶,1,开心"
"我很喜欢。她真的生气了。,1,开心,2,生气"
"他娘的我又不是保姆,你想吃什么我就给你做什么,让我做什么我就得会做,我又不是大厨,饿了,老娘赶紧跑去买菜给你做饭,你在我面前摔什么摔,不想吃找你妈去给你做啊,火大,结个毛婚啊!!!,5,厌恶,2,生气"
"狼人打开微信的时候就变身了。。。,0,悲伤,2,生气"
"当工作失去了乐趣,剩下只能是希望时间过得快一些。,0,悲伤,1,开心"
"卧槽!!发现时间过得好快!原来一个学期经历了那么多事!神了!@伟大的包包_,2,生气,3,惊讶"
":他竟然要我去他店里帮他看店!,3,惊讶,2,生气"
"没手机的日子怎么过??,2,生气,0,悲伤"
"明天就回家了。,1,开心,0,悲伤"
"原来是这样!_!,0,悲伤,3,惊讶"
"他不太擅长沟通，在我看来，这是个大问题,0,悲伤,2,生气"
"o(╯□╰)o最近怪怪的......,2,生气,5,厌恶"
"【想操你,听你娇喘】【我咩有阿,有也不喘】,1,开心,2,生气"
"有木有！！！,0,悲伤,5,厌恶"
"我想象着住在楼下不知是男是女的那位哥们，每天拿着钉书机吭哧吭哧钉杯子的画面.....,3,惊讶,1,开心"
"为什么1.17就有发烧，咳嗽情况了，1.22还要回来呢？[泪] http://t.cn/A6Pq0LAD,3,惊讶,0,悲伤"
"能否让我重新爱一次?能否让我为你做一件完整的事?能否让我给你一个深情的拥抱?能否让我得到你的一个深情的吻?能否为我写一首情诗?可当我写完这些,我知道,你已经走了!已经离开了我!这些条件成了奢侈品!我何时才能找到那个我爱的ta?,1,开心,0,悲伤"
"简简单单的苦恋故事，数百万人类观众看得泪雨滂沱。,3,惊讶,1,开心"
"所有神经绷成了一根紧紧的弦,5,厌恶,4,恐惧"
"我只想看看这个点,还有多少人失眠没睡。,5,厌恶,2,生气"
"宿舍的人都起床以后,宿舍今天的第一句话是我的,2,生气,3,惊讶"
"我也是！几年来的第一次！,1,开心,3,惊讶"
"两只脚都跑不赢，一只脚咋整？「跳」,0,悲伤,3,惊讶"
"我错了,我知道你喜欢我,但你们是兄弟,我只能选他,或者我都不选。[心],0,悲伤,1,开心"
"这里简直就是人间地狱，都到冬季了，还这么热（29℃）我想去海边住了,4,恐惧,5,厌恶"
"而且圣托里尼岛还专开了情人团...,1,开心,3,惊讶"
"当别人告诉我你的身边走着另一个她时，我只能笑笑。,0,悲伤,1,开心"
"在阳台上打个电话被蚊子咬成狗。。,2,生气,0,悲伤"
"说不出哪里好。,5,厌恶,0,悲伤"
"啊，我的生日月到了。我得走了。。,1,开心,0,悲伤"
"人最痛苦的事:别人正在哈哈大笑,而你正在无聊,0,悲伤,5,厌恶"
"老夫老妻了,还有此种情愫,男的在车外望着妻子,妻子行李一直放不上去,男的口里不知说着什么,手比划着替妻子使劲。车子开动,他目送着离开。这是刚刚发生的送行。夫复何求?,1,开心,0,悲伤"
"两条腿上数了下共12个淤青洗完澡发现指头流血找了半天才发现被割破我都是撞到哪了连感觉都木有[泪]后知后觉[泪],3,惊讶,0,悲伤"
"[可怜]没那么简单,1,开心,0,悲伤"
"。我的天煞孤星光环终于又发威了，继上上周见过大灯同学隔天她就扭伤脚后，前几天猫斯拉妹子也扭到脚了，要休息一周，然后昨天CC妹子眼镜也碎裂了，于是上午要去配眼镜，没有妹子的工作室真是死气沉沉的……,3,惊讶,0,悲伤"
"唉唉,,5,厌恶,0,悲伤"
"爱与被爱,是一种选择与被选择的关系。,0,悲伤,1,开心"
"微博都快删光了,如果卢主任还不来办公室找我我就买个全家桶去找李纳玩。,2,生气,0,悲伤"
"做不到。这真的不可能。这不是他唯一的兴趣，但这是我真正无能为力的地方。,2,生气,0,悲伤"
"我想去唱k,我想去井岸,我想去珠海,我想去广州,我想出去!!!!!,2,生气,5,厌恶"
"有个媳妇儿真好[泪][泪][泪][泪][泪][泪][泪],0,悲伤,1,开心"
"就有那么好奇？,5,厌恶,3,惊讶"
"我知道，不幸的是，我在这个地区的很多朋友都有过类似的经历，遇到的都是些十足的怪咖。,0,悲伤,5,厌恶"
"越想越烦越烦越睡不着,2,生气,5,厌恶"
"技校生就这么开放么?据说有直接带回男生宿舍的,,据说有直播的,,,3,惊讶,5,厌恶"
"我觉得，当最后一个人类不再回家时，狗最担心的是没人喂它，也没人让它出去。,1,开心,4,恐惧"
"和老公去闺蜜家玩,留宿她家。。。晚上和老公洗脚时闺蜜经过,看着我们的擦脚毛巾说你们不会每次来我家都用这条毛巾擦吧?我俩说嗯,一直都是。闺蜜郁闷的说这是我老公的洗脸毛巾!她老公站在旁边弱弱地说了句我只想知道这件事是从什么时候开始的!,1,开心,5,厌恶"
"下午出门去办就诊卡，还没到医院走在人行道了，一辆逆行的骑自行车的人骑过，隔着3m远，一道白光落在脚下，一看一口痰啊，此人略显诧异立刻继续骑车离去，头也不回。,2,生气,3,惊讶"
"早上6:40上班去教室,早自习值班;7:30去食堂值班;8:00开始军训到12点,然后去食堂值班,然后午休去查宿舍;下午2:30去军训到5点,然后去食堂值班;6:30开始上自习到9点,然后去校门口送学生回家,再去查宿舍,结束都快10:30了......刷微博的时间都没了,你大爷!【窝早饭还没吃呢[泪],2,生气,0,悲伤"
"点点滴滴看在眼里,甜进心里。,1,开心,0,悲伤"
"你还唱《就是爱你》和《她来听我的演唱会》、、这也算了。。,5,厌恶,2,生气"
"不多说,两个字,0,悲伤,1,开心"
"哈哈，难怪这么贵。我一直在想，他的开发者是不是在坑他。,1,开心,3,惊讶"
"人在人情在,人去烟云散。称意时朋友们认识了我,失意时我认识了朋友。这就是人生,人生不过如此。人情如纸,神马浮云。,2,生气,0,悲伤"
"上个微生物实验,貌似中招了[爱心传递],0,悲伤,3,惊讶"
"为什么最近这么衰[泪][泪][泪]教练你快死回来啊[悲伤][悲伤][悲伤],2,生气,0,悲伤"
"哎,我那么上火生气的时候,也只有你在。,2,生气,0,悲伤"
"真心烦躁!,4,恐惧,5,厌恶"
"那一刻总是会出现在YouTube视频评论中！,3,惊讶,1,开心"
"上铺的人一直聊天、睡不着、手机还快没电了。。。当然。。。更悲伤的是。。。是我自己作死地忘记了带备用电池[泪][泪][泪],0,悲伤,5,厌恶"
"看完球喘不过气。,5,厌恶,1,开心"
"风伯伯今儿喝醉了!!!!!,2,生气,3,惊讶"
"//@葱宝:[哼] 我宝就奶气了点，怎么了[右哼哼] 她有奶气的资本，我宝要奶气有奶气，要纯真有纯真，要女王有女王，你们就羡慕嫉妒恨吧[左哼哼],2,生气,1,开心"
"外头正下着雨,伴随着雷声?......搞得我心一颤一颤的......我还计划着待会儿去运动的!![囧][囧],2,生气,0,悲伤"
"楼下小区喷水池旁坐着一位大爷,把手机靠在嘴边,估计是在玩微信对讲,远远望去,满脸绿光。大爷,这大半夜的,好吓人吖!!,2,生气,4,恐惧"
"我爸妈不造我喷错人了!!!,5,厌恶,2,生气"
"为什么明明只是去屈臣氏买瓶洗发露一进门店员就给我推荐洗面奶而且是祛痘的而且反复推荐3次,0,悲伤,2,生气"
"对我来说，与另外三个人同住是医院里最糟糕的部分，白天还好，但到了晚上，我几乎无法入睡。,2,生气,5,厌恶"
"更要命的是怕以后我们连山寨版的非死不可都用不上。,0,悲伤,4,恐惧"
"我希望你明白我的说。你知道你是谁,你不需要我告诉你。,2,生气,0,悲伤"
"代表们的想法都很给力啊！,2,生气,1,开心"
"。送走了。。。又是那双超美凉鞋！！。[爱你]在车里等的时候揉眼。。靠着前座睡觉。。5555555宝宝很累吧麻麻尊心疼[泪]暑假可以再见面咩[泪][泪],0,悲伤,1,开心"
"。刚刚心血来潮下楼买了瓶空气清香剂，先喷每个房间然后再喷厕所。。这时小云同学神经兮兮的说：茅房能有茉莉花的香味吗？。真是够讨厌扫兴的！。[懒得理你],2,生气,5,厌恶"
"我已经快50岁了。我死的时候应该会变得非常有趣。,3,惊讶,1,开心"
"。。。又被喂了毒饼。,0,悲伤,2,生气"
"帮帮我[姓名]，我在高中无缘无故被欺负。,4,恐惧,0,悲伤"
"你的同事里是不是也有一个很招人烦刨根问底查户口没完没了的货喵了个咪的!要是杀人不犯法我就用ak47突突那人一百回啊一百回,5,厌恶,2,生气"
"杰尼斯你到底是肿木了。。。,3,惊讶,0,悲伤"
"一个姑娘,1993年出生,在河北打工,因为网恋认识一个男子,随后两人同居,一个月后觉得性格不合便分手了。分手后,女子发现自己怀孕了,怕父母发现,就跑到南方打工,在一个宾馆里,自己独自生下女婴,并自己接生,随后将孩子装入塑料袋扔出窗外。,2,生气,1,开心"
"香菜拔牙蝴蝶脂肪中年女性漫画停刊爬山,4,恐惧,2,生气"
"因为这幅是预订外的（都是坑爹的主催害的、、），所以没有上一幅用心。。。,5,厌恶,0,悲伤"
"我本以为自己很理智，直到我收到了人力资源部发来的恐吓邮件,3,惊讶,4,恐惧"
"。现实就是 有幸福 不能晒~~因为有些无聊人 不会祝福 只会羡慕嫉妒恨~~ 因为我懂你们没有，也得不到，体现的只有你们的自卑~我不晒了~~ 省的给自己添麻烦。。爱我的朋友会给我最真挚的祝福。,5,厌恶,1,开心"
"不太挑剔？啊哈，我几周前也这么试过。一下子就配对了50场。他们和我们一样迫切,3,惊讶,1,开心"
"。6月14日下午五点在京沪高速由南向北过青县十多公里处一辆黄色牌照的大货车故意将一辆灰色捷达挤在外护栏并拖行数米！。然后后逃逸.。捷达车严重受损，所有玻璃全碎，门严重受损！。虽然我们全责，但希望他能出来道歉！,5,厌恶,2,生气"
"这个世界就是无聊到你觉得自己最糟糕了却还是有人比你更烂。做不到最好连最差都最不到,0,悲伤,5,厌恶"
"如果你从外表看,你会认为我是个没心没肺冷漠又毒舌的人,但只要你像洋葱一样一层一层地剥开我的心,你就会发现每一层都和外面一样。,2,生气,0,悲伤"
"情人节那天,默默的把qq、微博、校内上所有在线妹子的名字记下来了。恩,这一年又有事儿干了。,1,开心,5,厌恶"
"什么?你说我像色戒里面的易先生?因为我抽烟很帅像梁朝伟吗?还是喜欢回形针?""因为你总是摆臭脸[懒得理你],2,生气,5,厌恶"
"哦，是的，这两点批评都很有道理。只是当他们称他为连环性侵者时，我无法认同,1,开心,2,生气"
"——多么称职的女主持人，多么红火的娱乐节目,1,开心,5,厌恶"
"为什么这条评论被踩了。我非常喜欢米波。,0,悲伤,1,开心"
"没有我在你们身边谁看得出你们长得高?,2,生气,5,厌恶"
"「你太小孩气味越长越回去,只长个子不长心眼,做任何事又来不得半点虚伪,社交窄,谁说什么你就信什么,上了多少次当了你自己算下,爸妈问你什么都不说,你爸讲好几次看到你在沙发上哭,问你又说是人不舒服,芳姐姐说她也不知道,是否工作上的事情,我们都希望你快点长大找个让我们放心的人。」,0,悲伤,1,开心"
"圆都椭圆！！！！！！,5,厌恶,3,惊讶"
"简直是双重打击qaq噩耗啊otz,2,生气,0,悲伤"
"不对呀明明是玫红却变成了粉红的爱的hellokitty密码箱,3,惊讶,0,悲伤"
"民族脾气最近经常泛滥成灾请原谅??,0,悲伤,5,厌恶"
"哈哈，你的帖子总是让人忍不住翻白眼,1,开心,2,生气"
"对自己说,没有什么是做不到的,只有不想做的!,1,开心,5,厌恶"
"我觉得你会发现，对于多性伴侣男性来说，约会真的很难。这就是我坚持一夫一妻制的主要原因。,1,开心,2,生气"
"。尼玛，看了雷普利才知道以前搭讪的方式都弱爆了有木有！！！！。通货膨胀大叔都买不起萝卜了[挖鼻屎]想牵回家圈养有木有！！！。32岁正当年的俏大叔！！！,3,惊讶,1,开心"
"一想到他必须给我安排时间，我就很反感，也很伤心。减少游戏时间是否在某种程度上增进了亲密感？,0,悲伤,2,生气"
"最爱吃的水果是banana它是一种神奇的东西,5,厌恶,1,开心"
"让我毫无感觉到夏天的到来！,1,开心,5,厌恶"
"没有威胁性？这是怂恿对女性实施暴力性行为。,3,惊讶,2,生气"
"是啊，我喜欢他搞的那些小把戏。可惜他最近都没怎么搞出什么大动静。,0,悲伤,1,开心"
"我高中同学,一个汉子,一个画画特别好的汉子,高中毕业后跑去当兵了。他跟窝另外一个高中同学,一个妹子,相当好基友。背景介绍完毕。......日球我刚刚看到他照片谁能告诉我那个抱着吉他的风流硬汉是怎么回事!!!高中时候那个软软的锅锅哪里去了!pla给你注射血清了吗!,2,生气,3,惊讶"
"绝望是没有吸引力的，别再那么绝望了。先爱自己，才能去爱别人。,1,开心,0,悲伤"
"下周一上课,让我们向着快乐前进![囧],2,生气,1,开心"
"俄狄浦斯这出悲剧的主旨:俄狄浦斯的求知指向自身,最终指向神;或者说俄狄浦斯等于知识,等于神。(这是何等的僭妄啊。。。),0,悲伤,2,生气"
"哈哈哈……第一次遇到这种又要做婊子还要立牌坊的，被人甩了还觉得自己屌炸天！还没见过这么这么臭还敢自己到处宣扬，要不要站到街上去向社会募捐点票子来给你打广告？菜场大真是什么??都有,3,惊讶,5,厌恶"
"我只是喜欢用些有深意的词……？我离开了他,1,开心,2,生气"
"现在奥利奥都打小朋友牌!但是绝对是大人吃的多!因为妈妈会和小朋友说「牙齿要蛀特额」,5,厌恶,2,生气"
"话说自从我给母上手机装了飞信并教她使用方法后,她就天天在那里摇来摇去,还给我说,为什么6每次摇来摇去都是那几个人,我给她说,你去马路上摇就行了。。。。,5,厌恶,3,惊讶"
"在地铁上~前面站着一个女人~当你分不清她是不是怀孕的时候[疑问]~该不该让座~好难过~[抓狂][悲伤][生病],0,悲伤,5,厌恶"
"//@zs戴可儿:我只能请你吃大排档和路边摊；因为我是穷人；我说了呀；大酒店只能是好看不好吃；期待,5,厌恶,0,悲伤"
"法西斯主义在美国根本不存在。[姓名]，这些孩子真是被宠坏了。,1,开心,2,生气"
"看到这个，我的心猛地一跳。我小时候养的狗长得跟它们一模一样，而且它的名字就叫布兰迪！,4,恐惧,3,惊讶"
"今天不是我第一次去健身房但是是我第一次看有人穿短裙在运动呵呵呵[挖鼻屎],2,生气,3,惊讶"
"温馨提示,您本月上网流量套餐(包本地流量30m)使用已超过27m。发送797到10010实时查询套餐剩馀数;发送632或634至10010了解更多gprs流量包,5,厌恶,0,悲伤"
"这是靠权力霸占，出售的是霸占权。,2,生气,5,厌恶"
"“真是让我没完没了地烦，伙计，你做点什么也好”,2,生气,5,厌恶"
"这一天一天的,真想赶紧摆脱这样的生活。,0,悲伤,5,厌恶"
"原因找错，药方自然开错，结果是老病没治好又添了新病！！！,2,生气,4,恐惧"
"他看起来就像那些其他恶魔为了午餐钱而痛打的那只恶魔,1,开心,2,生气"
"每次都是下班时候下雨,我仿佛看到一个猥琐老爷爷躲在乌云后面笑呵呵......[威武][浮云],0,悲伤,2,生气"
"跟了一些都是干不成事的家伙!想起来都气人,2,生气,0,悲伤"
"哇，*只有*7个前男友。你绝对是FA（指“失败者”或“失败者”的缩写，具体含义根据上下文而定）。,3,惊讶,1,开心"
"我有哮喘,2,生气,0,悲伤"
"宜居重庆，城市让生活更美好。,5,厌恶,1,开心"
"舒奇，真是个小母夜叉,2,生气,1,开心"
"有！！！,1,开心,2,生气"
"我非常讨厌加工作q但是不知道怎么拒绝,毕竟已经拒绝了微信,2,生气,5,厌恶"
"上海市实验学校真是NB啊，或者说是黑暗。,2,生气,5,厌恶"
"你们想一个人的时候会不会胃里觉得空空的?,0,悲伤,5,厌恶"
"没想到你是这么亲密的朋友……太酷了！,1,开心,3,惊讶"
"多想抱着你看这满天星辰!忍耐这馀下的十多天吧!,0,悲伤,1,开心"
"汪峰老师是我的偶像但是我最初学音乐时都是学唱阿妹老师的歌而且我是听着那英老师的歌长大的所以我选择哈林老师,2,生气,1,开心"
"10月，出版首张英文专辑《OceanDeep》破天荒举办限时限量CD试卖会。,3,惊讶,1,开心"
"你知道吗，我曾经问过他，他气得脸色铁青。但有时候我真的很纳闷。,3,惊讶,2,生气"
"这种天气面子就像个苍蝇贴,5,厌恶,0,悲伤"
"北京为毛要早上结婚！！！,5,厌恶,2,生气"
"今天才知道植物大战僵尸的原型是中国的抗日剧,5,厌恶,3,惊讶"
"女性显然会受到来自另一方面的压力,2,生气,0,悲伤"
"跟三次元朋友没话聊,关于《新一吻定情》的观点不同,0,悲伤,5,厌恶"
"第n+1次被认为是韩国人[哼][哼][哼]正式考虑下次出门前应该画一面中国小旗子在脑门儿上。。。欺负人,不就是眼睛小了一点儿嘛[哼][哼][哼],0,悲伤,5,厌恶"
"38度跑出来一个钟头只是拿把钥匙。。。我真tm闲。。。,0,悲伤,5,厌恶"
"我想骂人骂人骂人...[悲伤][悲伤][悲伤],0,悲伤,5,厌恶"
"我讨厌有人对着我大声说话,特别是带着凶的语气。或许说不是讨厌,而是有些害怕。真的会吓到。,5,厌恶,4,恐惧"
"晚饭没吃,回到家和老板娘下了碗速冻水饺,两个瓢根一只碗,1,开心,5,厌恶"
"或只是被通知参加开庭？,5,厌恶,3,惊讶"
"------我以为我做的，你会明白。,0,悲伤,3,惊讶"
"期待意外之喜，[NAME]资金已落实。,1,开心,3,惊讶"
"“女人不想和我约会，这让我很沮丧。”这话说的可真不少,0,悲伤,2,生气"
"你对加拿大鹅抢走加拿大双响炮有意见吗,2,生气,3,惊讶"
"李嘉诚说了一句话:当你放下面子赚钱的时候,说明你已经懂事了。当你用钱赚回面子的时候,说明你已经成功了。当你用面子可以赚钱的时候,说明你已经是人物了。当你还停留在那里喝酒、吹牛,不懂还装懂,只爱所谓的面子的时候,说明你这辈子也就这样了...这很重要,是所有人走向成熟的必经之路。,1,开心,5,厌恶"
"它太想讨好我了！狗狗的这种特质真是让人心生喜爱。,2,生气,1,开心"
"明天考试咯!我还在上网呀![江南style],4,恐惧,5,厌恶"
"39度4，点解会突然间发高烧噶，好辛苦，自己去体医生，自己去吊针，打屁股针，有滴怕…,0,悲伤,4,恐惧"
"。合格的副驾是肤白貌美气质佳，会点烟端水说笑话，普通话路况报的顶呱呱，所以你被淘汰了，别不服后备箱里忍下吧！。呜啦啦,1,开心,5,厌恶"
"为神马是这个煽情的黑白色调[咆哮] [泪],2,生气,3,惊讶"
"是的，我相信目前我欠了13000美元左右。,1,开心,0,悲伤"
"。你是肿木了。。。杰尼斯你到底是肿木了。。。。在木有亮点的10~11跨年会上。。。乃是不是存心弄个亮点出来给我们广大群众娱乐一下。。。,3,惊讶,5,厌恶"
"最近比较烦比较烦比较烦...,0,悲伤,5,厌恶"
"笑死我了，祝你好运，试图说服别人你不仅仅是一个被洗脑的红利推手，为了获得认可而搞事端,2,生气,1,开心"
"“一瞅你是水瓶座就关注你了”,2,生气,5,厌恶"
"老子就忆往昔flashback我妈做家乡菜,低头一看就十点钟了。我都还没开始看书呢,,2,生气,0,悲伤"
"坐我对面那个姑娘啊,你的体型是有多么大,大到我这里连胸部距离桌面一拳的基本要求都达不到,我看你也没有臃肿到占用那么多地儿的地步吧,把二郎腿收了吧,穿裙子还是个姑娘家家跷二郎腿会嫁不出去的,0,悲伤,5,厌恶"
"@NCT_DREAM @SMTOWN 别来了别来了,4,恐惧,2,生气"
"幸运的是，我从未沉迷于《守望先锋》，因为我知道，如果沉迷了，我的游戏时间肯定会超标。,1,开心,0,悲伤"
"放眼望去..................全世界都在秀恩爱......,0,悲伤,2,生气"
"不高兴了？编辑。我没注意到有人提起这件事，但我希望把[名字]描述为“病娇”不会显得太无礼。,1,开心,2,生气"
"昨天妈妈跟我讲我刚刚上大学那会每天都走到我房间打开灯只看到我的床看不到我的人很难过!我听后都[泪流满面]。。。可能以前虽然寄宿但是离得不远!毕业以后尽量还是到常州吧就算定了以后妈妈还是能常过来住住。,1,开心,0,悲伤"
"明星赚钱是比你们容易，但也不该要求人家做出深情品味，不可自拔的样子吧?,5,厌恶,0,悲伤"
"东北人敢在全国地方称霸，唯独在云南老实。,3,惊讶,5,厌恶"
"对我来说，是的。我这辈子一直这么做，现在我后悔了。因为有些女孩我本可以接近，却错过了。,1,开心,0,悲伤"
"哎呀，我还以为只是个玩笑呢，变形金刚[NAME],5,厌恶,1,开心"
"学校怎么不断网了现在！！！！！,2,生气,3,惊讶"
"真不敢相信你居然会花时间跟这些喷子计较，不过你做得很好，兄弟。这帖子真棒。,2,生气,3,惊讶"
"（?ò?ó?）你能相信吗，这些居然都是用手折出来的??????，手残党看了心累啊,3,惊讶,0,悲伤"
"叹为观止  无发可说,3,惊讶,1,开心"
"找了半天终于找到的歌,问了半天终于知道的app,想了半天终于想起刚才要说事儿,1,开心,5,厌恶"
"//@斌叔儿童编程://@葉子溪Doubleleaf:协和都不够了……,4,恐惧,3,惊讶"
"迷茫了。[浮云],2,生气,5,厌恶"
"这简直就是明目张胆的恶意挑衅。,3,惊讶,2,生气"
"不过，你不能忽视[NAME]的杯赛胜利。,2,生气,1,开心"
"他是五名中??央级未获平反的右派之一。,3,惊讶,2,生气"
"--更主要的是分配不公，贫富悬殊太大，倚强凌弱，冻死骨-酒肉臭，不让百姓说真话，毫无诚信，用无休止的谎言苟延残喘--不把百姓逼上街头不罢休！,2,生气,5,厌恶"
"今天上午听同事说的,一对情侣两情相悦,就要结婚了家长见了之后不同意......于是乎:每天吃过饭,男的坐在他家门前磨菜刀,目光充满怨恨。女的每天坐在自家房子二楼顶上,神色呆滞...而且两人很少开口说话。神回复;一天,女的不小心从楼上掉了下来,男的正好拿着菜刀在伸懒腰,1,开心,3,惊讶"
"这是我吃过最大最厚分量最足的烧白,3,惊讶,1,开心"
"北京为毛要早上结婚！！！,5,厌恶,2,生气"
"怎么发现最近的东西情侣款的都感觉不错其它的货色咋就看起来有点些许俗逼了呢?[囧][囧][囧][囧][囧][囧][囧][囧][囧][囧][囧][囧][囧][囧][囧][囧][囧][囧][囧][囧][囧][囧]百思不得其解’郁闷[打哈欠],2,生气,5,厌恶"
"有个小段子——老两口看电视,突然转播选美比赛,老头子脸红了,转身进屋。老太太笑语老头子还挺封建。一会儿老头子回来了,脸上多了副老花镜——在评价一个人时,不要仅依靠第一感觉,应该多观察他做的事和做事的目的。通过做的事可以了解能力,通过做事的目的可以了解人品。美曰老板选人的学问,0,悲伤,5,厌恶"
"你19岁就诱人到一个什么程度了你！！！！,1,开心,2,生气"
"简直out了！！,0,悲伤,5,厌恶"
"有那么糟糕吗？,3,惊讶,2,生气"
"哪个理由能让你有权利背叛你的女朋友？,3,惊讶,2,生气"
"伸懒腰把左肩闪了......这两天都处于半身不遂状态、此微博也是纯仰仗灵巧的右手发送......剪会儿片子就左手麻痹,2,生气,0,悲伤"
"按步骤做，别再抱怨了。,2,生气,1,开心"
"阿森纳足球俱乐部，养老院……不，谢谢[姓名],2,生气,1,开心"
"是啊，他们中的大多数人在真正的讽刺和微妙之处表现得如此无能，真是相当好笑。,2,生气,1,开心"
"昨天晚上换了新的三件套早上六点床上就被弄上月经了真是够了!!!!,0,悲伤,2,生气"
"哎呦我去~~~活生生的被这脑残神马协会恶心到了 靠,2,生气,5,厌恶"
"虽然不是女人,但每个月,也有这么几天。。。fuxk!!!,5,厌恶,2,生气"
"不屑你妹啊！！！,5,厌恶,2,生气"
"小弟的房子几经波折总算有个结果,突然懊恼自己怎么考虑这么不周全,明明明天就休息在家可以一起跑手续,却让他今天请假开车下来自己去处理,又是政务中心又是地税又是售楼处的折腾,还全程只能靠导航,就当是在锻炼他吧[奥特曼][酷]加油↖(^ω^)↗,5,厌恶,0,悲伤"
"温尼伯喷气机队经常出现大雪封城的情况，不过我相信没人会把自己涂成白色。,2,生气,1,开心"
"每个人都有一段不为人知的故事,1,开心,0,悲伤"
"刚开始复习数学还能行么!生物!政治![抓狂][抓狂][抓狂][抓狂][抓狂]我很不爽我很不爽不要让我很不爽!,2,生气,0,悲伤"
"真是病来如山倒,病去如抽思啊。,2,生气,0,悲伤"
"第二幅图中还有“dat ass”表情包，第四幅图中则是“LOL愤怒脸”。两者都很古老，但显然仍有人觉得它们很有趣。,1,开心,3,惊讶"
"如此受虐。,2,生气,0,悲伤"
"卧槽……我刚才还说江苏是个神奇的地方……[泪],4,恐惧,3,惊讶"
"傻人有傻福。,2,生气,1,开心"
"认识隔壁实验室的一个学姐,最近这段时间发现她越来越富态。。。怕伤害到她的小心灵,一直木敢问她本人。昨天忍不住问了一个师哥,“xxx学姐是不是怀孕了啊?怎么最近越来越胖啊?”师哥瞪着我说“你别瞎说!人家老公一直在国外好几年了,她怎么可能怀孕啊?”。。。[衰]我默默地退下。。。,5,厌恶,1,开心"
"即使在多年后的今天，那仍然让我感到不寒而栗。安息。,0,悲伤,2,生气"
"我手机是不是疯了......居然可以无限投扣扣的赞!!!,1,开心,2,生气"
"够了没！,2,生气,5,厌恶"
"不想面对现实,只能用来逃避,0,悲伤,5,厌恶"
"老哥说我整天睡睡吃吃吃吃睡睡......到时候猪都会比我瘦了t_t果然打蛇打七寸,老哥你狠-_-!。。。,5,厌恶,2,生气"
"啊我也是。,2,生气,1,开心"
"这两年除了旅行和工作我干嘛去了~~,0,悲伤,5,厌恶"
"后奕,就算你不出来射日我也没有什么遗憾的了!其实,被热死也是一种享受!最起码我还知道我是怎样离开这繁华的世界的!!!天,太阳,温度,要么来的更猛些吧,要么就别这样的折磨我!我有些受宠若惊了,我承受不起您的厚爱,谢谢!您爱错人了!!!,1,开心,0,悲伤"
"所以，你的意思是，我应该彻底放弃现实生活，是吗？,0,悲伤,3,惊讶"
"。今天见了Orchestrall公司的CEO，有人了解这家公司吗？。感觉还不错，原来没听说过，不过那人原来是GSK的SVP。,3,惊讶,1,开心"
"这句话或许很乏味，但是我把对你所有的感情都灌进去了。,0,悲伤,2,生气"
"哇，好痛。,3,惊讶,0,悲伤"
"海淀知春路上有家四联美发，这里的师傅技术不错，听说下月搬迁至苏州街地铁站附近，离我家越来越远了。,1,开心,0,悲伤"
"。南宁昨天某楼盘发生打人事件，某单位参谋叫嚣我是军人我怕谁，因购房纠纷动手打人。。请各位博友转载，看看这军人是真是假,2,生气,5,厌恶"
"。切尔西、利物浦又输了，虽然我不是他们的球迷，不过还是不希望看到一支曾经伟大的球队继续沉沦，毕竟只有伟大的球队才能给我们奉献伟大的比赛，但愿他们能够早日走出低谷，继续带给我们好看的比赛。,1,开心,0,悲伤"
"想想自己现在是越来越接受不了批评了[泪][泪]哎,下周以后就平静下来了,0,悲伤,2,生气"
"原来你离我心中最喜欢的那个人还差个十万八千里。,1,开心,0,悲伤"
"""""1961:私生子上不了户口小学没念;1969:搞无线电疑收听敌台打成反革命;1976:国营苹果计算机厂烧锅炉;1982:为黄色出版物提供平台被抓;1987:投机倒把判刑,狱中学编程;2008:释放,肝衰竭,待业;2009年:在沈阳摆摊卖苹果，刚卖出四袋，城管来了…,5,厌恶,2,生气"
"。黄征太二了 雄心满满说下面这歌从第一个字到最后一字都能大合唱 奔跑！。一直把话筒捅绐观众 基本没人理他 为确认是否有合唱 甚至摘掉了监听仔细听观众反应。。。结果紧接着他唱的是任贤齐阿牛黄品源 对面女孩看过来。。。人没出来现场已经几万人大合唱。。。黄征估计气哭了哈哈,1,开心,5,厌恶"
"在我心上用力地开一枪??,1,开心,0,悲伤"
"好困哦哦哦哦哦哦哦哦哦哦哦哦哦哦哦哦还要宣传哦哦哦哦哦哦哦哦哦哦哦哦哦哦哦哦今天满课哦哦哦哦哦哦哦哦哦哦哦哦哦哦哦哦,2,生气,5,厌恶"
"走着走着,发现我们的内心再也没有儿时的快乐和满足。萌动也许是最快乐的,幼小也许是最快乐的,我们的内心少的不再是物质上的丰裕,而是内心的缺失,找不到的方向。,1,开心,0,悲伤"
"。地铁二号线主城区迁移190棵悬铃木。。我在一周前追踪采写到其中的一半，在白下区园林绿化管理所的苗圃里，83棵树，68棵死亡。。最大的一棵死亡悬铃木，胸围280厘米，有80年树林。。2006年4月份移树的时候，南京市园林局的承诺是80%存活，实际情况是，80%死亡！,2,生气,0,悲伤"
"其实很简单,就是在你想拉屎的时候屙屎,想撒尿的时候尿尿。如果有人在你想拉屎的时候让你吃饭,想撒尿的时候喝水,那你的第一反应肯定是“艹你大爷的”。,1,开心,2,生气"
"对写字好看的男的莫名的好感。同时觉得长得美的那种女孩就不该写字好看,妈的不能什么都让你占了啊。。。,5,厌恶,2,生气"
"我要找一找我小时候的照片 我特喜欢的一张 以后照的都不自然 于是我就拒绝照相了 找到我就晒晒啊。,1,开心,0,悲伤"
"是的！我当时想，天哪。哦，我的[名字]。它消失了。重量消失了。我自由了！,3,惊讶,1,开心"
"1昨晚梦见跟寝室老大吵架，然后演变到打架，我还抄起了我们家的大椅子，由此看来我是在想家 2早上起来是被老二唱《忐忑》给吵醒的，好汉饶命啊。。。。,0,悲伤,4,恐惧"
"。我一直以为，我还喜欢着，我突然发现，原来住在我心里的，是回忆中的他，而我——忘不掉的是我对他付出的感情，而不是他！,0,悲伤,3,惊讶"
"从静安寺走到了上海书城,1,开心,0,悲伤"
"喀嚓喀嚓喀嚓,0,悲伤,2,生气"
"是谁说&amp;quot;养儿防老&amp;quot;的?,5,厌恶,2,生气"
"""""如果可以选择,我宁愿做一个不关己的旁观者也不愿做我自己。,0,悲伤,5,厌恶"
"我和你很熟么我们有关系么你还真以为你是个东西草泥马个鸡嘴怎么那么贱什么浪话都特么说的出口我都快吐了别人说得对你就特么不是个好人还整天说别人不是好人我的事用你管了么你以为你是谁啊别特么脏了我好么也不看看自己长个什么衰鸡样你他奶奶的爷爷的奶奶的叉叉你丫山顶人个叉叉孩纸洗洗睡吧,5,厌恶,2,生气"
"这与[姓名]与儿童发生性关系有什么关系？你提供这条信息是想说明什么？,2,生气,3,惊讶"
"我喜欢你。谁想和我一起庆祝拍照？？？,3,惊讶,1,开心"
"每天一如往常来一杯tehcsiewdai,那个面包师傅都能把我给认出来了。现在我还没开口说要买什么他都已帮我下order了。。意味着我是个长情的人吗?,2,生气,0,悲伤"
"八戒:“猴哥,白龙马最近性情有些古怪,每次我和它开玩笑,它都会在泥地打个滚,然后跑开几步拉马粪。”悟空:“呆子,小白龙不会说话,它的意思是:泥马,去屎......”【原来如此。。。[偷笑][偷笑][偷笑][偷笑][偷笑][偷笑][偷笑][偷笑][偷笑][偷笑][偷笑][偷笑][偷笑]】,2,生气,1,开心"
"周末宾馆大床房都要加钱啊！,0,悲伤,2,生气"
"纪!念!这!操!蛋!的!一!天!!再!也!不!乱!吃!药!!天!地!相?隔!!好!自!为!之!!,2,生气,0,悲伤"
"今天出博茂海,回来时手机的屏幕反转了,想考我的空间辨别能力?不过还好,拿去修时老板不在,拆电池再开机,什么事都没有!,1,开心,5,厌恶"
"我原谅你了!再说吧!!!,0,悲伤,2,生气"
"怎样才叫,1,开心,2,生气"
"不让我去的原因竟然是我不会开车,2,生气,3,惊讶"
"这样的女人··还有那个男人敢去疼·敢去爱啊!,2,生气,0,悲伤"
"近日关键词,0,悲伤,1,开心"
"我无法决定，是用冰淇淋蛋筒来代替它，会让情况变得更好、更糟，还是糟糕得令人难以置信，同时还会受到诅咒,3,惊讶,2,生气"
"他有種怎麼不來招惹下我這個世界第一不要脸？,2,生气,5,厌恶"
"一天晕乎引发的一场血案![泪][泪],0,悲伤,5,厌恶"
"人体比例严重歪斜tt我垢了,5,厌恶,0,悲伤"
"你穿着白大褂,鼻梁上架着副眼镜儿,目光透过镜片看着手里的注射器,熟练的弹了弹,挤出里面的空气,针尖儿上的光回应着你眼里的狡黠,你看着我,说,来吧,可以了。我伸出瘦弱的手腕,你抓住,恍惚之间,我突然抽出手,我记起了,我怕疼,是的,我怕。,4,恐惧,1,开心"
"一帮傻b拍下雨,一帮傻b在淋雨,5,厌恶,2,生气"
"。对于爱情，我还是渴望的。。我只是没有勇气去恋爱了，一段全心全意付出，甚至断了自己后路的感情，换来的却是你的放弃。。有个朋友对我说，跟自己深爱的人结婚会给自己很大的压力，总是要顾及对方放弃自己。。对于你我还是愿意放弃自己，至于别人我已经学会保护自己。,1,开心,0,悲伤"
"还梦见我姐生小孩了,刚出生的小孩比我还高[泪][泪][泪],2,生气,0,悲伤"
"表示自己对所发生的事情负百分百的责任(因为一切都是我自己创造的),0,悲伤,1,开心"
"我学了一段时间游泳课，但我的指纹认证系统好几个月都没用上,0,悲伤,3,惊讶"
"。我用的手机价值200多元 能接打电话 音质很好 能发短信 汉字基本都全 待机时间挺长 像我这样一天接两个电话的 基本3到5天充一次电就行了。有了这个电话我才知道自己以前太勺了 买了一大堆最新款的手机 有一大堆功能都不会用 捞哄哄的 勺给哪个看嘞,1,开心,0,悲伤"
"[并不简单],3,惊讶,1,开心"
"越听越好听。。。。。。。。。。。。。。。。。。。。。。。。。。。。。。。。。。。。。。。。无法自拔。。。。。。。。。。。。。。。。。。[泪]我啥时才能看到同同在舞台和音的画面??????????????[抓狂],5,厌恶,0,悲伤"
"领悟很多,5,厌恶,0,悲伤"
"小丫的妈妈打电话过来了...虽然我早就存有这个号码,我本想说阿姨您好的...但是当听到阿姨的声音时我紧张的几乎说不出话来...不过我好开心呀,4,恐惧,1,开心"
"这绝不是偶然，完全是受教育不够的结果。,5,厌恶,2,生气"
"我们游戏的截止是209的晚上24啊〒▽〒~~~结果210我们刷完面瘫....,2,生气,3,惊讶"
"谁赢得了这场战斗 我的想法：双方在解释各自立场方面都做得不好，整个采访基本上毫无用处,0,悲伤,2,生气"
"当生活出现状况时,总会对自己怀疑!,0,悲伤,5,厌恶"
"看来他过去是个糟糕透顶的人：,5,厌恶,2,生气"
"打个电话一个男生接的我叫了声学姐好,接着问了一句你是学姐还是学长,那男生说你听我声音是男的还是女的,ohno,其实我想说的是偶辨音能力不强,5,厌恶,0,悲伤"
"瘦了瘦了,终于还是瘦了三斤。体重回到2位数的感觉真好啊。,1,开心,0,悲伤"
"附中门口出去的那半边路停了一辆混凝土车，司机竟然下来锁车了，不知道什么状况，只剩一条车道可以走了，8点之前不挪开就会茬死吧[晕],2,生气,4,恐惧"
"手机修好了,就忍不住的为自己每一条微博点赞。。。—————,1,开心,0,悲伤"
"不要因为别人燃起了一把火,你就把自己烧死。,2,生气,1,开心"
"因为习惯,1,开心,0,悲伤"
"[黑线]如果有人对你总是重复同样的一件事,到头来会发觉习惯了的是你自己,而且发觉有一天没有出现那个情况,会无所适从甚至胡思乱想——想太多。,3,惊讶,0,悲伤"
"用汉中话来说。我就太不服冬天了。天一冷整个人都萎靡不振要死不活的。这不是关键。关键是我的脸、我脸上的痘还是不见好转。我到底是要怎么做才可以。。,5,厌恶,0,悲伤"
"努力改画风...其实我还是不确定自己到底想要哪种感觉。,2,生气,1,开心"
"像单身人士一年只有这么一次名正言顺的节日,买个东西居然都要用抢的!欺负人是不是?!要是那么会抢,还至于单身吗!!!,0,悲伤,2,生气"
"伤不起啊!!![泪][泪][泪],5,厌恶,0,悲伤"
"为神马要两天都来参观！！！,2,生气,5,厌恶"
"不知道是那个伤心汉酒鬼大半夜在哪里吼叫唱歌。。。。[怒],0,悲伤,2,生气"
"陈琪我爱你,0,悲伤,1,开心"
"许久不见的人再见时绝对先看你的身材[伤心],0,悲伤,1,开心"
"这难道不是关键所在吗？也就是说，不是科学家的人来决定科学是否有意义？,2,生气,3,惊讶"
"教育部和团中央11月3日发布文件,要求编写传唱社会主义核心价值观童谣诗歌,修订德育、语文、历史教材,完善社会主义核心价值观教育等。【网友评:先把老师教育好,告诉老师别收那些补课费,把学校里的小卖店撤了,老师不干净怎么教育下一代,教了几年学,那些黑收入就买房买车了,还能好啊?】,5,厌恶,2,生气"
"特里尔是个低调得可怕的后卫,2,生气,1,开心"
"手机又中毒了~,2,生气,0,悲伤"
"提着一个罐子经过广三便利店买了个胶袋,收银阿姨来了句“提姜醋蛋给老婆吃吗”~剧情需要,我答是的。。。,5,厌恶,1,开心"
"我可以骂娘嘛,为了我没有激情的青春,这可以算是我为青春的哀嚎吗?????,2,生气,0,悲伤"
"就是两天没洗澡的人看着天在下着暴雨,自来水管却没有一滴水......,0,悲伤,2,生气"
"那时候我会对你说 ：祝你幸福！,0,悲伤,1,开心"
"原来怀孕的是你一女一直在备孕,可以一直也没怀上。一天他去见了一个朋友,朋友见她长得比以前胖了,就开心的问:几个月啦?那女忙解释说:还没呢。朋友说:这种事不要不好意思,又没什么的。搞得那女的心情一阵低落,结果过了几天发现是朋友自己怀孕了,苍天啊。,0,悲伤,3,惊讶"
"面对狗仔的镜头还捂脸害羞,5,厌恶,4,恐惧"
"一堆男人就觉得自尊心受到了天大的冒犯觉得我马屁拍狠了觉得我长了女的威风灭了男的志气.,0,悲伤,2,生气"
"一大清早就受气[委屈][汗][汗]真不让人省心[思考][思考]无语。。。,0,悲伤,2,生气"
"能换来多少没关系,0,悲伤,1,开心"
"我们就像避雷针一样，能吸引霉运。我们周围的人都安然无恙,0,悲伤,1,开心"
"然后收到我妈咪的信息说乖你挺忙的吧,妈打电话你也不接,好了我也没啥事,我休息了。我心说这我妈咪又傲娇个什么劲儿啊,于是赶紧回电话,我妈缩,你干啥呢!咋不接电话?!我说自习室没信号啦。她说好吧,我没啥事,睡觉了,拜拜。,2,生气,0,悲伤"
"有能力的人不会无价帮助你,没能力的人想破头也无法帮助你,但后者更令人珍惜。[兔子],0,悲伤,1,开心"
"在织围巾我想我是疯了。,1,开心,2,生气"
"怎么都是消费者在负担？,2,生气,5,厌恶"
"。今天见了Orchestrall公司的CEO，有人了解这家公司吗？。感觉还不错，原来没听说过，不过那人原来是GSK的SVP。,3,惊讶,1,开心"
"身材有木有？,1,开心,2,生气"
"手机内存卡突然坏了,读不出任何数据,各种坑爹各种难过[哼][怒][怒][怒][悲伤][伤心],2,生气,0,悲伤"
"闭嘴，你怎么这么蠢！？,1,开心,2,生气"
"半个月前关注论肺炎事件时 我怎么没有想到入股 无语我真是笨蛋 鲁扛医药现在都涨停了 ??,3,惊讶,2,生气"
"。打雷了!!!!!!!!!!!!!!!!!!!!!!!!!!!!!。闪电!!!!!!!!!!!!!!!!!!!!!!!!!!!!!!![泪奔],4,恐惧,3,惊讶"
"什么时候能不拖延什么时候能吃上好吃的啊啊啊,5,厌恶,1,开心"
"熬完这个工作,我要坐到阳台上喝西北风去,2,生气,1,开心"
"为什么,0,悲伤,5,厌恶"
"没人买，看它还这么贵不！,5,厌恶,2,生气"
"不去“3DS汉化吧”永远不知道国内有这么多重装机兵玩家……,3,惊讶,0,悲伤"
"看着市心路被移走的梧桐,我感慨万千,55年的陪伴,萧山从一个小孩子成长为一个成年人,而这些梧桐依然矗立着,现在他们终于安详的退休了,而且去各个公园景点安度晚年,被锯掉的梧桐好像掉了头发的爷爷,希望它们一切都好,陪伴萧山那么久的梧桐爷爷、谢谢!,1,开心,0,悲伤"
"距离上班的时间总是光阴似箭,距离下班的时间总是度日如年。,2,生气,0,悲伤"
"虽然明天才是我的生日,但我的第二个愿望已经实现了(刚接了一通对我来说最重要的电话),我希望第三个愿望也能实现(希望他能来看我),在这里祝自己明天端午快乐、生日快乐。。[蛋糕][蛋糕],1,开心,0,悲伤"
"自己对号入座~,0,悲伤,2,生气"
"哈哈，不管什么原因，她就是不支持我。笑死了，兄弟，你有问题啊。张开你的耳朵，闭上你的嘴,1,开心,2,生气"
"!!!今天莫非是传说中的诸事不宜?!!北碚回来,出地铁瞬间!狂风暴雨!我。。。是有多无奈?!!。。。回去,洗洗睡了算了。。。。,5,厌恶,0,悲伤"
"。投行夫妻被批捕追踪：安雪梅已被捕 谢风华仍在逃。。安小姐应该是被谢利用了手中的资源，利用了身体，利用了感情---。。安小姐SB！！！！,5,厌恶,2,生气"
"我自己甚至都不尝试投出这样的球。所以我只好看着别人投进。,0,悲伤,2,生气"
"又在等洗澡[挖鼻屎],2,生气,5,厌恶"
"我不是嫦娥,但我比嫦娥幸运。,2,生气,0,悲伤"
"我不觉得这有什么恶心的。她只是在清洁自己，而且有分泌物，这有什么大不了的？,5,厌恶,2,生气"
"下午跟大姐逛街,在一个鞋店买鞋子时,一个客人说我们是母女,我是妈妈,大姐是女儿,自己真的就长的这么急吗!o(╯□╰)o,5,厌恶,2,生气"
"难道生意好得不用营销？[思考],3,惊讶,5,厌恶"
"最糟糕的是，那些养狗的人自以为知道当父母是什么滋味，天哪，你甚至不知道，你甚至不知道,5,厌恶,2,生气"
"一大早黄金白银空单赚钱了!,1,开心,3,惊讶"
"我不知道是哪个媒体的朋友给的，但希望你们全家子子孙孙永远用西门子电器。,2,生气,1,开心"
"没错。如果他不明白，他可以自由离开。关系就像跳舞一样,1,开心,2,生气"
"真是自取其辱。明明那么多暗示了。还要贴上去。。。真不知道是我幼稚还是他们想法幼稚。。。还是他们觉得反正不是他们去实现所以类似“站着说话不腰疼”,2,生气,0,悲伤"
"人真是一种奇怪的动物总是喜欢写了又删删了又写总是不想不敢不愿承认某些事实可那就是事实改变不了的事实,3,惊讶,2,生气"
"贴吧禁肉剧情党笑了没有肉会死星人哭了,2,生气,1,开心"
"下午朋友喊去打羽毛球,半路发现水杯漏水裤子已经湿了半天。。。于是我硬着头皮穿着半天屁股湿漉漉的裤子上阵,朋友安慰我说夏天容易出汗很正常。。。。。。[悲伤][悲伤][悲伤][衰],5,厌恶,0,悲伤"
"哈哈，你什么时候开始还要参加迎新活动了？,3,惊讶,1,开心"
"纠结自己怎么放不下对他人的怨恨[围观][围观][围观],0,悲伤,5,厌恶"
">不是万能药。既然我们没有这样的东西，那么这不是次优选择吗？,2,生气,3,惊讶"
"霍比特人还分上下集,2,生气,3,惊讶"
"流行起来了,盘点2012,你最想对谁说这三个字?,0,悲伤,1,开心"
"没有莽子女,没有好心情。,0,悲伤,2,生气"
"//@宇宙台长:天啊//@老鸡灯儿://@财新网:管轶表示，SARS的60%-70%的感染者都是来自个别超级传播者，传播链很清晰，只要封堵那几个人的接触者就可以了。但是这次，传播源已经全面铺开了，要做流行病学调查已经做不了了。保守估计，此次感染规模是SARS的10倍起跳。我经历过这么多，从没有感到害怕过，大,3,惊讶,4,恐惧"
"什么海峡整形？,5,厌恶,3,惊讶"
"苏亚雷斯接受媒体采访总共有多少集?能快点剧终吗?对利物浦毫无尊重可言,经纪人是干什么吃的,任由他满嘴胡话?只想对他说两个字:shutup!不对,是fuckoff!,5,厌恶,2,生气"
"。早，疫苗副作用，低烧。。上网查查，那说明我的免疫系统正敏感出击。。上午一个重要会。。强烈纠结中。。去还是不去，任务都在那里，不增不减。,5,厌恶,0,悲伤"
"他们安排这场比赛与美国国家橄榄球联盟（NFL）季后赛撞期，真是奇怪的决定。,3,惊讶,2,生气"
"我丈夫死在教堂外 该死的吸血鬼,0,悲伤,2,生气"
"吃饱了撑的,整什么批斗会,还说什么诸如要给别人做榜样之类假大空的话,尼玛,还真把自己当跟葱了。。。,0,悲伤,5,厌恶"
"啊，我明白了。我还以为你说那些会议让你害怕呢。,4,恐惧,3,惊讶"
"这次不会了,2,生气,4,恐惧"
"我身处中东，凌晨3-4点看着这支球队因为愚蠢的失误而输掉比赛，简直要了我的命,0,悲伤,2,生气"
"手也差点弄了包的了,0,悲伤,3,惊讶"
"如今变得越发像一个浑身长满刺的庸人,尖锐刻薄。稍有挑衅便会原形毕露,恶毒狰狞。,5,厌恶,2,生气"
"厚脸皮噶人我见得多你甘厚噶我仲系第一次见!!,5,厌恶,3,惊讶"
"希望他能找到他想要的东西。不明白为什么有些人对此如此恼火。“他怎么敢只顾自己，啊啊啊！”！,1,开心,2,生气"
"明天好多事要办,可是星期三耶,右眼跳了!,4,恐惧,0,悲伤"
"考不完的试，学不完的习，天啊。。。,5,厌恶,0,悲伤"
"这不是万圣节或者复活节吗，伙计，人们真是奇怪,2,生气,3,惊讶"
"郑州最低温度比我这最高温度还高[衰]亲注意防暑咯,0,悲伤,3,惊讶"
"哇，这思路太新鲜了！我之前从来没这么想过，居然还挺有道理的。,3,惊讶,1,开心"
"啊啊啊啊啊啊啊啊啊啊啊啊啊啊啊啊啊啊啊啊啊啊啊啊啊啊啊啊啊啊啊啊啊啊啊啊啊啊啊啊啊啊啊啊啊啊啊啊啊啊啊啊啊啊啊啊啊啊啊啊啊啊啊啊啊啊啊啊啊啊啊啊啊啊啊啊啊啊啊啊啊啊啊....................................,5,厌恶,2,生气"
"你上学工作恋爱结婚生子,有人给你时间调整和安顿了吗?为什么离婚就需要时间?你知道自己选择错误走了弯路,还不赶紧快马加鞭迎头赶上,难道你真的要沦落成一个离了婚带着孩子,一没精神内涵,二没生活外延的愚蠢女人。是,你是有几分姿色,但你维持不了几个春秋。,1,开心,5,厌恶"
"不知道说这话的人是羡慕人家出名还是羡慕人家比他有钱？,5,厌恶,3,惊讶"
"资产者，官贵们，您，中秋快乐！,5,厌恶,1,开心"
"同样……如果我感到特别紧张，那么和我走在同一条路上的人就会让我觉得他们侵犯了我的私人空间。,1,开心,4,恐惧"
"为什么总是做一些自己不想做的又不能满足别人的事'瞬间持续无语。[好囧],2,生气,5,厌恶"
"你相信缘分吗?你相信不期而遇吗?让西湖来告诉你这是真的,3,惊讶,0,悲伤"
"『回』『二』『十』『闪』『旭』,5,厌恶,1,开心"
"我是大奇葩[泪][泪][泪][泪][泪][泪][泪][泪][泪][泪][泪][泪],0,悲伤,2,生气"
"600682南京新百，商业百货，这个K组合有点意思啊。,1,开心,3,惊讶"
"这是一个非常严肃的问题，但我会像其他人一样说：“我希望[名字]离开。”,1,开心,2,生气"
"""""。母亲，为了救自己的孩子惨死在村民乱棍之下！。村民为打死那只刚生宝宝的母亲用它刚出生的孩子引诱它，在刁民摔死两个孩子后，孩子的惨叫声使母亲奋不顾身来救孩子，最终，她惨死！。身上的骨头尽被打碎，尸体惨状无法言喻。。这一切都有媒体在场拍摄！。仅存的孩子被爱之家义工用500元才救出去,没文化很可怕！,2,生气,5,厌恶"
"请随意离开。,1,开心,2,生气"
"在这里，你总是会默默接受这一切。我通常会把这归结为那些受伤的妈妈们和充满苦涩悔恨的瘾君子们。,2,生气,0,悲伤"
"这个微笑,用尽疼痛的力气;这回释然,用尽铭记的场地;这场告别,用尽去爱的勇气;这次哭泣,用尽你爱的表情。,1,开心,0,悲伤"
"我是说，就这条裤子而言，他并没有错,1,开心,2,生气"
"为毛是哥三啊！！！！！！,2,生气,0,悲伤"
"它们听起来确实有点不值得。至少大的听起来不值得。我同情你。,1,开心,0,悲伤"
"其实每个人都在找自己。找童真的快乐,自由,优秀,渴望的美貌。,1,开心,0,悲伤"
"2月份会好么[泪][泪][泪]演唱会能去看么[泪][泪][泪][泪],4,恐惧,0,悲伤"
"会不会懒惰了,暴躁了,随便了。,0,悲伤,2,生气"
"黑夜给了你黑色的眼睛你却用它来矫情,5,厌恶,0,悲伤"
"手机微博哪能噶十三了，十来分钟而已就提示要重新登陆，每次写了好长的一条结果一发送就失败然后就肥不去了啊！,2,生气,3,惊讶"
"小义去相亲,坐在对面的人问:【你有房吗?】【......没有】【那有车吗?】【......没有】【存款总有吧?】【......没有】【什么都没有还敢来相亲,搞笑,哼!】那人撂下这句话转身就走,独留小义一人目瞪口呆:你麻痹的,这些问题不是该身为女人的我来问吗?!这些臭男人是要逆天吗?!我草!!!,3,惊讶,2,生气"
"我和我的初恋也是唯一的爱人就这样纠缠了三十年。别让这样的事发生在你身上。,1,开心,2,生气"
"黑人憎懒清高。,2,生气,5,厌恶"
"女性应该享有与男性相同的所有权利。这并不包括终结他人的生命。,1,开心,2,生气"
"。《乔娜与塞巴斯蒂安之家》三年前平面设计师乔娜和她的丈夫塞巴斯蒂安搬进华沙郊区这栋有80年历史的建筑物。。这房子原来是校舍，现在外观还保持原来的样子，但里面就被彻底改造了。。亚西娅和塞巴斯蒂安的成果太惊人啦！。一切辛苦都是值得的！,3,惊讶,1,开心"
"那大腿之间的缝隙一点也不可爱,5,厌恶,2,生气"
"都还没多醉怎么就把晚饭先给翻出来看了一遍？,0,悲伤,3,惊讶"
"亲们,周末过的怎么样啊???[疑问][疑问],1,开心,5,厌恶"
"每次过年回老家看到街头那些小混混都觉得......现在才意识到......人家才读初中有些才高中......我老了......就想说一句,2,生气,0,悲伤"
"雅雅转文了,2,生气,1,开心"
"#野花#昨晚果然做噩梦了。虽然只看了两部故事。看的时候就觉得有一点熟悉的感觉再一想这不就是在做噩梦的时候那种拼命想要逃走却总是感觉被拉住一样只能龟速前进的恐慌无力感吗！慢镜头下的逃跑速度感。暗黑系童话很唯美。,4,恐惧,3,惊讶"
"接二连三的霉事,请[奥特曼]给予力量,0,悲伤,2,生气"
"在低级别俱乐部崭露头角的21岁球员，通常会引起大俱乐部的兴趣。看看他的表现会很有趣。,3,惊讶,1,开心"
"。恩。。。11問我你生日。。。結果我記得是晚一天。。。。後來也沒好意思再和你說。。。。sorry啦~~遲到的生日祝福吧！！。312上海好好看演唱會昂。。。俺去不了T.T 你們替我多看看吧。。。大家同快生嘛~~哈哈哈,1,开心,0,悲伤"
"记得有次张卫平解说,这是姚明的最好时机,奥尼尔老了,邓肯也蹦不了几年了,结果。。。。。。。,1,开心,5,厌恶"
"拿手机看电影,邻座大叔暗示我想一起看,但是大爷啊男女主角已经在旅馆洗完澡了呀,接下来的事我实在不想和你一起看,所以我表示一点不好看,默默给麻麻打了个电话,然后开始假寐两小时[睡觉],0,悲伤,5,厌恶"
"韩庚出场时间跟舒化奶植入时间差不多,略胜一筹的是说了句台词[做鬼脸],2,生气,1,开心"
"为什么八路军战士消灭一个日寇只需要开1枪,而特警打死一个农民,却需要开12枪?农民的物理防御属性比日寇高?转,2,生气,3,惊讶"
"我现在很嗨，看不懂这个,3,惊讶,2,生气"
"就别来我们这小破岛了吧，求求你们了,4,恐惧,0,悲伤"
"你怎么能用文字对后来人讲述这一段颠沛流离的历史呢？,5,厌恶,3,惊讶"
"我对《Thrill》的创作过程感到不满，但对今晚的演出结果感到满意。,1,开心,0,悲伤"
"我们是和平传奇[泪][泪][泪][泪][囧][囧][囧][囧],0,悲伤,2,生气"
"该死的脆弱。,0,悲伤,2,生气"
"上次给电脑刷机忘记备份这次刷手机又忘了麻痹的脑子是长方了吗东西全没了[泪],2,生气,0,悲伤"
"被气的失眠,安眠药吃多了现在还在头晕......就算我再好说话,也经不起这么折腾。帮的上忙的我向来有求必应,不爽的时候就把我当软柿子捏......我又不是奴隶。暴力致残,一身疤痕,没有体谅照顾却被当撒气。我不想让身边的人担心,一直都是个遮起伤疤笑着哭的人,对比某些人的自私......人善被人欺啊,0,悲伤,2,生气"
"我完全同意你的看法！这些自私的女人只会用哭骂来操纵别人。,1,开心,2,生气"
"个个都能去打前腰，个个都能去绝杀?[挖鼻屎],5,厌恶,3,惊讶"
"尼玛,足足等待了3个多月的信用卡今儿终于下来了,可尼玛说好的至少2万的额度现在却变成了5000,5000啊尼玛,你们中行是不就把2万当5千啊尼玛,你们俺是要激活呢还是直接注销啊,纠结啊尼玛!,2,生气,0,悲伤"
"大家明天多早出发？,3,惊讶,1,开心"
"~~同志~~ [姓名] 我很震惊，你竟然指责我使用兴奋剂。呸！呸！我呸！,4,恐惧,3,惊讶"
"人家突尼斯、埃及的青年用facebook twitter联系上街游行干革命，你上人人除了看帅哥美女就是看星座，除了沉默就是流泪,2,生气,5,厌恶"
"啊，真是出其不意,2,生气,3,惊讶"
"我这就搞不懂了！,2,生气,3,惊讶"
"每一次没有考好就会觉得不管发生什么妈妈的愤怒全都是因为成绩[呵呵],2,生气,0,悲伤"
"这什么鬼啊，笑死我了，天哪，我讨厌Reddit,2,生气,1,开心"
"可是做了妈妈之后，却发觉原来做母亲的感觉是如此有意思，多少有点感叹为啥此前自己如此顽固？,1,开心,3,惊讶"
"我认为，在这个时间线上，[名字]和[名字]并不是表亲，他们只是最好的朋友。,1,开心,2,生气"
"不要用官话，客户不是傻子！,2,生气,5,厌恶"
"感觉每次看着工资单的时候都有种没脸见人的赶脚!![懒得理你],1,开心,5,厌恶"
"半夜热水器居然爆了！动静之大惊醒了老公和隔壁邻居，而我，是被喊了几遍才懵懂醒来。。。,3,惊讶,4,恐惧"
"莫名的不快,烦躁,不安,心悸。。。明天好好看书了!,5,厌恶,2,生气"
"听不得铅笔在纸上吱吱的声音~[抓狂][怒骂],5,厌恶,2,生气"
"参加比赛不是为了获胜，而是为了提高知名度。,2,生气,5,厌恶"
"不懂的是，这样没天理的事情肿么老安排我碰上？,0,悲伤,5,厌恶"
"真tm的想把之前发的傻逼微博全部删掉、全部!!!,2,生气,5,厌恶"
"餐饮业相当肮脏。那里有很多丑闻。,1,开心,2,生气"
"当然。而且，别以为我们不知道这到底是谁！[姓名]！,3,惊讶,2,生气"
"“另类右翼”什么时候成了工人阶级？他们总是那些极其不善社交的富有的白人。,4,恐惧,3,惊讶"
"任何一个细节都不能忽略啊!代价会非常大!谨记谨记!,0,悲伤,1,开心"
"这可能是个可及性的问题。我的性格比较冷漠，一般来说，和自信的女孩相处，我往往能取得更好的结果。,1,开心,3,惊讶"
"圣母鸭,2,生气,1,开心"
"一,完成今晚的作业。二,星期一前尽量搞定物理小组题。三,今晚搞定明天的英语演讲。四,星期二前搞到白色红色颜料搞面具,并且想办法做好花完成面具。五,把物理和化学救回来。,2,生气,1,开心"
"omg 肇庆确诊了 全国各地都要加油,4,恐惧,3,惊讶"
"这两天!简直熊到家了...,5,厌恶,2,生气"
"【新政了!法治了!】于1月10日中午在街上醉酒驾驶警车撞死一名3岁幼童的云南永善县黄华派出所所长李颖被“严肃处理”:因公醉驾,不慎撞死儿童一名,拟对该同志党内严重警告处分一次,扣发当月绩效奖金,取消2012年度岗位评先资格,责令其作出深刻检讨!,1,开心,2,生气"
"“实验成功啦!给仓鼠喝椰壳刮下的粉泡的水,它就昏睡,喝正常的水,它就很活泼,说明这粉末有让人迟钝嗜睡的作用,验证了我的想法。”“咱家不能养??”“知道,今天晚上我就把它放掉。”“太残忍了吧?!放花园那就是死路一条,猫都等着呢!做人不能这样不负责任!!...你应该增大剂量”...,5,厌恶,2,生气"
"。明早计划挑战京通公交车道去，后风挡贴个牌子，上面写上：尼玛的公交车道，哥伤不起啊！！。拉风吧~~！。[奥特曼],5,厌恶,1,开心"
"我甚至都没意识到它就在那儿写着呢。,0,悲伤,3,惊讶"
"那个叫湿道心的，你千万别说什么&amp;quot;能知道你的心吗&amp;quot;什么的话了，若是无此发心便不会讲出此话！,5,厌恶,2,生气"
"大家都用你家的后巷。你可是出了名的本地自行车。,1,开心,2,生气"
"今天遇到一个让我感觉喷血的事情,我住的小区电梯,是那种看起来比较先进的触摸形式的。看起来比较洋气美观,但是使用起来着实不方便。今早,赶着去上班,眼看就要迟到了,在进入电梯的那一刹那我疯狂了,原来电梯各个楼层都被按了,我从16楼下去,足足走了十多分钟?朋友你又遇到这样的情况吗?,5,厌恶,2,生气"
"哦，原来如此。现在完全明白了。天哪，我真希望因为这次失误被炒鱿鱼。,1,开心,2,生气"
"你应该把他的头往那上面撞。,2,生气,1,开心"
"因为我突然觉得人生不应该过得这么堕落！,0,悲伤,3,惊讶"
"我没看。我猜入侵计划泡汤了，因为英国有核武器。,2,生气,4,恐惧"
"想买块空白的扇面。但一想到小王的毛笔字......内牛满面,0,悲伤,5,厌恶"
"早上起来,眉飞色舞地向我妈描述看《盗墓笔记》话剧时候大家齐心合力腐的样子,我妈一边吃饭一边认真听,吃完饭起身看电视之前,留下一句:”热烈祝贺成都盗墓笔记爱好者暨成都腐女大会成功召开“。,5,厌恶,0,悲伤"
"每次家里有亲戚来的时候都会这样不知道到底该说什么该做什么你明明已经是个大人了不是吗,4,恐惧,0,悲伤"
"果然考试成绩什么的,最能激发人的斗志啊!!我要当学霸!!,1,开心,2,生气"
"我是好孩子,我是好孩子[哼][可爱]。不能生气[泪][泪][怒][怒],5,厌恶,0,悲伤"
"""""真理报从来不说真理,解体前后都是,5,厌恶,2,生气"
"这样可笑的你有什么资格嘲笑我的前任们我看你的神情从不忍变成怜悯,5,厌恶,2,生气"
"我的邻座把我拍醒然后借走了我的充电宝。,2,生气,5,厌恶"
"。不好意思= =。。激动了。。我只是觉得没到社会这么黑暗的地步而已。。虽然我经常看到很JP的人。。但是我也经常看到善良的人，不认识的人也帮助过我，也帮助过我家里人，他们也不都是上海人。。哎。,0,悲伤,1,开心"
"承诺六一起杀狗，滥杀无辜惹天怒。,5,厌恶,2,生气"
"怎么有这个话题啊[抓狂][抓狂],0,悲伤,5,厌恶"
"唯成绩论 ！,5,厌恶,2,生气"
"“牙齿白不是为了配合穿金戴银，是让你们活得更干净”黑人牙膏在年代剧中的广告植入真是吓坏了我,3,惊讶,4,恐惧"
"刚刚考完中级微观经济学，彻底拜倒在博弈论的强大光环下了……,0,悲伤,3,惊讶"
"我确实记得这件事，当时我满脑子想的都是要杀了那个家伙,2,生气,4,恐惧"
"一个星期了。,0,悲伤,2,生气"
"哥们，人各有志，别扫我的兴，兄弟。新年快乐！！！,2,生气,1,开心"
"他们什么时候开始墨守成规了？诚然，美国并非清白无辜，但管他呢？这种虚伪令人难以置信，真是令人作呕。,2,生气,5,厌恶"
"我曾在佛罗里达州居住过。那里的飓风要糟糕得多。,5,厌恶,2,生气"
"今天八百成绩3′52′′,1,开心,3,惊讶"
"中午,打水途中,几米处,一男想吻一女,女羞涩,躲之;彼男又欲吻之,女又躲之,如此二三次。吾近之,约一米处,忽然,女吻男,男大惊,固而反吻之。。顿时,吾感叹曰:此男女是我长大学生乎?,2,生气,5,厌恶"
"楼管那张放过夜的豆皮脸谁见了都会提早绝经三年,0,悲伤,2,生气"
"代言5人前团饭的微吧就不要占东方神起的便宜了吧?东方神起的成员现在到以后有且只有两人:郑允浩、沈昌珉。别的组合的饭就不要再占东方神起的便宜了吧?东方神起nissanstadium动员15万人的演唱会主角有且只有两个人:郑允浩和沈昌珉。倒贴的你浑身长鸡眼啊~~如图所示,如有雷同,纯属你犯贱。,2,生气,5,厌恶"
"确实如此。这类饮料确实可能引发心脏病。,1,开心,2,生气"
"都不知道现在的孩子结婚怎么早干嘛?有能力养活老婆、孩子吗????,0,悲伤,5,厌恶"
"旁边坐了2个正在吧唧吧唧大声嚼鸭掌的人的感觉真是不爽到极点啊。。。。。。。。。。。。。。。。。。。。。。。。。。。。。。。。。。。。。。。。。。。。。。。。。。。。。。。。。。。。。。。。。。。。。。。。。。。。。。。。。。。。。。。。。[生病] [鸭梨],5,厌恶,2,生气"
"靠自己的双手为自己争取更多的空馀时间!,0,悲伤,1,开心"
"她本不该和一位男性战斗。,2,生气,3,惊讶"
"我在等兰陵王。被路真传奇给弄的烦躁不堪。。。。兄友弟恭真的好么?父子伦常真的好么?。cccccc五月天的入阵曲真的狠燃吖。。。。等等等,5,厌恶,2,生气"
"完了被封了#全国确诊新型肺炎病例##河南硬核# ??,4,恐惧,3,惊讶"
"明天帮他刷了以后再也不刷了，手指头都按痛了。,5,厌恶,0,悲伤"
"最可爱的人??,3,惊讶,1,开心"
"村民不同意，问当官的：把地都占了，这点钱，将来如何办？,2,生气,5,厌恶"
"被我睡了两晚的173的汉子要走了!转换普通话模式。。。[悲伤],2,生气,0,悲伤"
"冷冷冷冷冷冷冷冷冷冷冷冷冷冷冷冷笑话...,0,悲伤,2,生气"
"上大学期间,我绝得最浪漫的时光就是下雨天了,漫步校园,往日里沉默不语的建筑和高大挺拔的大树一瞬间都有了灵性,变的生动了,它们与你打招呼,而你伴着雨声与她们回应着,我想这就是我们与另外一种世界的交流方式吧!,0,悲伤,1,开心"
"我为什么要向已经决定的结局前进?因为我从小就被关注一切?道路你们交给我去选择,结果却早已注定,有什么意义?我怎么努力都要继承公司?,5,厌恶,0,悲伤"
"你妹的,吓死我了,,,屋顶有老鼠,[衰][泪][泪],0,悲伤,4,恐惧"
"雨伞丢了老师跑了手机没电了现在刚上楼充电就又开始下雨了( ?ω?`)今天上课特想抓起三脚架打爆前面人头,0,悲伤,5,厌恶"
"不给看朋友圈的人:已删[拜拜][拜拜]发现我删了也别问为什么,2,生气,0,悲伤"
"2.如果一个人愤愤地说着做某件事的人特恶心,而那件事是ta以前最常做最近才停了的,我是不是该鄙视ta...........,5,厌恶,2,生气"
"这个休赛期真是令人心烦意乱,0,悲伤,2,生气"
"我非常喜欢这些新颜色。旧的颜色可能是OWL系列中最糟糕的几款。,5,厌恶,1,开心"
"咋那么瓜干着急啥子晓得累累累累累,5,厌恶,2,生气"
"今天除了敬拜,我就不该到处乱跑!!,0,悲伤,1,开心"
"2030年,你未满18岁的女儿居然收到了一大束玫瑰花。。。。,2,生气,3,惊讶"
"就承认吧刷不了楼下躺着去盯着书不出半小时准睡睡完再看如此反复五六次就一天过去一周没看德语想爆粗都没力气,5,厌恶,2,生气"
"怎么那么纯！,1,开心,2,生气"
"。比个小树杈。。扫完啦。。啦啦啦。。嘛。。蛋蛋说的对。。扫描仪是娇花。。所以不能凭自己一时兴起随便折腾。=V=。。好看SHI了,1,开心,5,厌恶"
"一个人宿舍待着写演讲稿,我也真是醉了[拜拜][拜拜][拜拜],5,厌恶,0,悲伤"
"今天收到一个通知:请各部门将小姐计划尽快交上来。正在狂笑............公司还有这福利呢!!马上收到通知:小结计划......[汗],2,生气,5,厌恶"
"她还是亿万富翁。我猜愚蠢的推文不会让她破产吧？,3,惊讶,2,生气"
"你听不懂话中话你看不见心中事,1,开心,0,悲伤"
"我告诉他们的孩子，难过是正常的。（他很焦虑，我在认同他的感受。）,4,恐惧,0,悲伤"
"黑篮是第一部我本来很期待但结果被腐女活活恶心到一集没追的番w,0,悲伤,5,厌恶"
"。一位美国教授考察中国后的感叹：中国人活得太累，他们的人生只有两个词组：成功和拼搏。。我很奇怪，他们连快乐都感受不到，却想追求幸福。。普通中国百姓，的确没幸福也少性福。。小学到大学，忙着各种考试；毕业后忙着结婚；结婚后忙着生孩子养孩子；退休后给孩子看孩子…。如此活着而已~,0,悲伤,1,开心"
"想吃又脆又辣的莲菜~但学校只有又软又甜的~,2,生气,0,悲伤"
"令人不安的是，我在Reddit上看到了太多这个家伙的垃圾宣传,0,悲伤,2,生气"
"觉得今晚好冷,3,惊讶,0,悲伤"
"用那个好家伙煎个鸡蛋，你就能享用一顿美味的早餐了。,2,生气,1,开心"
"梦到跑漫长的马拉松,一路荒诞实多,涨水淹路、被老鼠咬、被巫婆诅咒、被追杀,一直跑着,到最后竟然遥遥领先,就快到终点的时候,醒了。,2,生气,3,惊讶"
"正如锅兄（The Pot Bro）常说的那样，当警察问你问题时，闭上你的嘴。,2,生气,1,开心"
"美(jue)好(wang)的一天又要过去,相信明天会更加美(jue)好(wang)呢[太开心]各位晚安[心]([伤心]),0,悲伤,1,开心"
"联邦最低工资应该接近5美元。这真是个可怕的想法。,2,生气,4,恐惧"
"真是个天真的婆婆啊！！,3,惊讶,2,生气"
"小学初中女神嫁人了,据说嫁了一个挫男。我记得那时候我经常把她能哭,她惯常伎俩就是“我回去跟我哥说”哎,上学有啥用啊。[泪][泪][泪][泪][泪][泪][泪][泪][泪][泪][泪][泪][泪][泪][泪][泪][泪][泪][泪][泪][泪][泪][泪][泪][泪][泪][泪][泪][泪][泪][泪][泪][泪][泪][泪][泪][泪][泪][泪],5,厌恶,0,悲伤"
"放了个屁,自己臭到了自己,1,开心,5,厌恶"
"发稿=营销？,2,生气,3,惊讶"
"我错过了那部分，但现在我明白你的意思了。,0,悲伤,3,惊讶"
"刚刚开车在路上，看到一辆出租车广告灯显示：我被打劫请报警，,3,惊讶,4,恐惧"
"明明就很讨厌你,为什么你送我东西,我还要笑着拿......,0,悲伤,5,厌恶"
"智力测验平均分最高有没有！！,1,开心,2,生气"
"新版水浒阎的戏份有三集之多，导演是感情戏高手哇……,1,开心,3,惊讶"
"事实证明不能让完全没学过骑电动车的人开电动车。飞车play一次就够了。再飞一次我就真死了。,0,悲伤,3,惊讶"
"真想抡起荧光棒敲他脑袋！,2,生气,5,厌恶"
"我渴望身体接触。如果太长时间没有接触，我会变得烦躁易怒，但这与我同样喜欢独处的事实相矛盾。,3,惊讶,2,生气"
"[泪流满面][泪流满面][泪流满面][躁狂症][不想上班][被电][崩溃][悲催][崩溃][崩溃][崩溃][巨汗][巨汗][泪流满面][泪流满面][别烦我][别烦我][别烦我][震惊][悲催][困死了][躁狂症][hold住][被电][霹雳][震惊],0,悲伤,2,生气"
"真是有趣，竟然会这样,1,开心,3,惊讶"
"阻止[名字]逃跑？非常糟糕,3,惊讶,2,生气"
"老师太帅了，来了之后说两句话就走了，让我同学监考，那不是明摆着让我过嘛。,1,开心,5,厌恶"
"微信里,你告诉我,你在迪拜的时候有给我寄明信片。看来,我没有收到,觉得好可惜......我既想收到你在美国、韩国、越南寄来的明信片,却又害怕会寄丢......,4,恐惧,0,悲伤"
"那听起来真糟糕。,2,生气,5,厌恶"
"期待渴望向往着见或不见都是想念说还是不说爱都在心中始终相信明天是你我的未来那颗耀眼的恒星如你闪亮的明眸从第一天和你相遇就被你的气息牵引一起望向远方的星空找着那牛郎和织女星你的笑容是那灿烂星光没有你的夜空暗淡无色每一天都因你而精彩万分是你让我的生命充满意义,0,悲伤,1,开心"
"人生就注定要一直跌跌荡荡起起伏伏吗,0,悲伤,2,生气"
"草泥马草泥马[抓狂][抓狂][抓狂],0,悲伤,2,生气"
"这算得了什么?那些别人应该知道但没有知道的事情多了去了!,0,悲伤,2,生气"
"毕竟我们要做的只是守护不是吗？,1,开心,3,惊讶"
"哎呀，那真是太无情了。我吸取了教训。相信我，总有一天他们会真正需要钱，我真的希望到时候你能拒绝。,1,开心,2,生气"
"万物有灵，这样真的不会有报应嘛？,4,恐惧,5,厌恶"
"其实与别人无关是我不懂得与人相处总是对着在乎的人胡言乱语后来觉得沉默还不错落得大方得体如果发现我的突然沉默见了面没跟你打招呼原谅我真的不是我高傲。,0,悲伤,2,生气"
"。好热，昨晚没睡好，做了个噩梦，还好会醒过来，梦里痛苦挣扎，以为挣扎不过来，吓死我！。醒来就没再睡着了，全身都是汗,0,悲伤,4,恐惧"
"。妈妈说:女人一定要有自己的工作，稳定工作可以保持女人的思想独立和生活独立。。千万别相信男人说：你回家我养你。。在热恋期他给的可能心甘情愿，可是几年后呢？。爱你时要什么有什么！。不爱你时要什么没什么！。所以现在男人说的话不要全部相信，承诺只是暂时的，但是选择权在你手里，你有权选择你的生活方式,2,生气,5,厌恶"
"宅家多天虽然天气不潮湿但是我已经发霉了[泪],0,悲伤,5,厌恶"
"自昨晚以来，这条信息已经被贴了无数次。人们真是糟糕透顶。,0,悲伤,2,生气"
"每次遇见让自己放弃的我’让你幸福是值得的。。。,0,悲伤,1,开心"
"帮一朋友推荐志愿,一开始说要报贵阳的,结果我暗自高兴,一直引导着报我们学校,结果引到最后决定学制药了,好高兴!可,居然来一句想报省外的!你们能明白我说什么的喔!,0,悲伤,1,开心"
"哭死哭死，花了100刀大洋申冤，等吧[怒],0,悲伤,2,生气"
"是啊，有个开宝马的小子把我撞出了公路。我可不是自己撞上的，有人帮了我一把。,4,恐惧,3,惊讶"
"这个语法太可怕了。在历史中，发现某件事是一个固定的单点，本应使用简单的过去式“was”而不是“had been”,4,恐惧,2,生气"
"我完全同意你的观点！,2,生气,1,开心"
"哇，*只有*7个前男友。你绝对是FA（指“失败者”或“失败者”的缩写，具体含义根据上下文而定）。,3,惊讶,1,开心"
"我并不在意。,0,悲伤,2,生气"
"日本在所有方面都使用动漫，但确实经常会在前面加上诸如“海外”（kaigai）之类的前缀。,1,开心,3,惊讶"
"有些时候有些话不要说,2,生气,5,厌恶"
"莫名其妙地开心,就像有时莫名其妙地不开心,3,惊讶,1,开心"
"我只希望骑士队别拿到状元签，真该死,1,开心,2,生气"
"传张照片你会更震惊！,5,厌恶,3,惊讶"
"这是傻子的智慧。,2,生气,1,开心"
"请问，著名妓女能给认证一下吗？,2,生气,3,惊讶"
"跟我一起念,哥~乌~恩,对,就这样,然后快速连起读一遍,好,我先哥乌恩了。,5,厌恶,1,开心"
"一分为二的心情活该!,0,悲伤,2,生气"
"我贤赫啊啊啊啊啊啊啊，还没P过，只是截得一小部分图， 各种禁!!!!!!!!!!!!!!!!!!!,2,生气,3,惊讶"
"我能不心烦吗我自己的眼镜在自己的家里弄不见了,2,生气,0,悲伤"
"鲁迅先生曾将读书分为两种,一种是职业的读书,一种是嗜好的读书。随着在学校待得越久,我反而越觉得“读书”是一种奢侈,每天读一堆的数据和文献,只为了完成一篇毕业论文。以为自己算得上个读书人,其实不过是个在象牙塔里谋生的人罢了。,0,悲伤,1,开心"
"终于下班了!加了两天班的双休日!,2,生气,1,开心"
"我已经开始了为期30天的假期，打算好好放松一下。请不要为我安排计划，先和我商量一下。,1,开心,2,生气"
"付出的和得到的不一定成正比,这是不变的真理~[伤心][伤心],1,开心,0,悲伤"
"9494，奶气是一种境界，你有吗你有吗？,2,生气,1,开心"
"不喜欢太经营的友情...╭(╯^╰)╮,0,悲伤,5,厌恶"
"听闻今年大纲新增加了9本规范。我只想说:,2,生气,5,厌恶"
"大清早堵车,上单位电梯,电梯严重故障,往下突然往下坠落,吓死了众人,楼梯间锁了上不去,神!!!被困负一层。我是不是严重不适合来这里工作,一系列麻烦是要闹哪样?!从今天开始我不会对电梯都有阴影了吧。。。[黑线][实习],0,悲伤,2,生气"
"不该看美女的,没想到竟然真的会流鼻血...(???)?,2,生气,0,悲伤"
"#别再伤害鸟儿了,0,悲伤,2,生气"
"一只单身狗、、,5,厌恶,0,悲伤"
"六点起床,晨跑,读英语,吃早饭,八点到教室开始上午四个小时的课程,当我们吃完午饭回到寝室的时候,那个哥们儿差不多也就起床了。所以这个世界真的是公平的,它给了我们磨练,勤奋,同时也给了那个哥们儿一张帅逼的脸。,2,生气,1,开心"
"“这个多少钱啊?”“4块。”“便宜点,4块5成吗?”“........................”,3,惊讶,2,生气"
"给我最大的感触是，在拍摄片场，没有明星，只有专业演员。,1,开心,5,厌恶"
"没有什么能够阻挡,1,开心,0,悲伤"
"两点几了...得我一个人系度发呆...又冇人陪我倾计...系度听住歌霖世事!有多多领悟![睡觉][月亮][月亮],5,厌恶,0,悲伤"
"人呀摔倒了就要在原地爬起来再摔一次就哭会儿再爬起来,2,生气,0,悲伤"
"遗憾的是，在Reddit官方推出的那个愚蠢的手机应用上，这个功能并不管用。我怀念我的安卓手机和Reddit Is Fun应用,2,生气,0,悲伤"
"儿子中午放学回来,兴高采烈,得意洋洋:""妈妈,我英语考了90分,每科都是优。有史以来第一次在六年级第一学期得了全科奖,全勤奖!""以前每次都是体育得良,期中英语只有70多分。期中错误最多的阅读竟然这次全对!儿子迫不及待给爸爸打电话报功。下午又出去玩了。儿子永远把吃和玩放在首位,1,开心,3,惊讶"
"哇，好痛。,3,惊讶,0,悲伤"
"浴室的灯有点儿抽,先是忽闪忽闪,再是忽明忽暗,最终竟是整个儿给我灭了。它倒是干脆利落,让我好端端的一个洗澡硬是洗出了一部恐怖片的味道!,2,生气,4,恐惧"
"夜风习习、倍感萧瑟吖,2,生气,0,悲伤"
"是的，因为运行鼓风机5分钟就造成了污染。而不是因为我们拥有的数百万辆汽车或工厂。,2,生气,1,开心"
"外面一直传话，说别人坏话，说一些根本无凭无据的扯的不能再扯的事的那些人啊，你们歇歇吧，这样你过了嘴瘾，给别人带来烦恼，你们就开心了是吗？,2,生气,5,厌恶"
"世界太可怕了,好想回我的故乡——二次元,但我忘记了自己是怎么来这个冷酷的世界,也忘记了回去的路。偷偷的带我走吧,带我去冒险,亡命天涯都无妨,就像我从没来过这里。,0,悲伤,4,恐惧"
"是的，你说得对。问题就在这里。不是那些家伙认为在Tinder之外给未配对的人发消息是可以的。,1,开心,3,惊讶"
"就两个字,0,悲伤,1,开心"
"我想对他来点粗暴的。让他窒息，把我绑起来，来点轻度的BDSM。,1,开心,5,厌恶"
"总觉得今晚罗梅罗干的比梅西出彩。,0,悲伤,5,厌恶"
"#牡丹江发现1例疑似新型肺炎患者#[感冒] http://t.cn/R2WxNtz ??大庆,3,惊讶,4,恐惧"
"你在这次对话中什么都没说，只是重复了其他人的话。感谢你浪费我的时间。,2,生气,1,开心"
"锦地苑没装电扇。妈的。,0,悲伤,2,生气"
"我不喜欢[名字]，因为我热爱第二修正案。我们能阻止他吗？,3,惊讶,2,生气"
"“你妹”是个好姑娘,帮“你妈”分担许多忧伤。,5,厌恶,1,开心"
"*他们说网络很假我笑了好像现实很真一样 [挖鼻屎][哈哈],2,生气,1,开心"
"""""今天真算是彻底体会到了,现在想想都觉得不能理解和后怕,同一个学校的人也会偷自己校友的东西,你让我怎么说怎么说,而且还是在自己学校偷的,心寒心寒,我真是会和一个小偷是同一个学校的感到羞耻!!,4,恐惧,0,悲伤"
"你现在的生活悲哀到只剩这样一个圈子。,0,悲伤,5,厌恶"
"这就是你几个月不刷牙的后果。,2,生气,3,惊讶"
"一晚上多了这么多人……,4,恐惧,3,惊讶"
"走了三个小时还特的去挤日光岩我今天是来发泄的,2,生气,3,惊讶"
"宁波,我来了,宝贝,我来了!,0,悲伤,1,开心"
"原来读书把脑子读坏了的秀才哪国都有！,2,生气,3,惊讶"
"你们总是说三次元怎么样怎么样。现在可是coser全部都走了只剩下表演的。数码宝贝上的很好。果然好的东西只有后面。还有fz和博物志,加油!,2,生气,0,悲伤"
"想@人不过不知道@谁内容说什么,5,厌恶,0,悲伤"
"酒疯子驾车狂奔,生死关头,迎面的男子去扑救孩子,妻子因来不及躲闪被撞成重伤......记者跑来采访,话筒一伸,直接向男人发问:当你只能去救一个人时,为什么选择孩子而不是妻子?男人看了看妻子,低声嗫嚅道:对不起。妻子马上抢过话头:他用不着说打不起,我从心里感激他......记者啊你长点心吧!,2,生气,1,开心"
"昨天晚上下了一夜雨,今天早上起来,发现门口的厦檐下爬上来好多蚯蚓。不知道是因为气温变化大,还是到了它们的繁殖季节。不会是暴雨地震之类的自然灾害吧!山东东营市的可注意了!,3,惊讶,4,恐惧"
"我终于明白,自己亲身体验的恨有多痛彻心扉!,2,生气,0,悲伤"
"“马奎斯”难道不是个贵族头衔，而不是他的真名吗？我认为，对现代年轻人来说，贵族身份并不是一个合理的期望。,2,生气,3,惊讶"
"已经发生的事情无法改变了,已经丢的脸也找不回来了,哭也没有用。如果不想明早肿鼻子肿眼的就赶紧睡吧。,2,生气,0,悲伤"
"我不知道，我当时忙着被[名字]那爱抱怨、自以为是的态度惹恼，无暇去讨厌[名字],2,生气,3,惊讶"
"哦，好吧。我刚才看错了字幕。很高兴知道这一点。,3,惊讶,1,开心"
"被老婆说,被鸟拉头上,开年的运气真的很让我伤心。阳历年的开年我很幸福。,1,开心,0,悲伤"
"孤独的人要多吃饭有一天风吹进眼的不是沙只是风,4,恐惧,1,开心"
"看起来真的是超~~~~~~~~~没素质的= =|||||||||||||||,5,厌恶,2,生气"
"我已经泄露了太多秘密，赶紧在为时已晚之前自救吧,1,开心,4,恐惧"
"今天一大早去奶奶家,整个国道上一辆车都没有,爱咋开咋开,就跟逛自家后院似的,1,开心,5,厌恶"
"每次[名字]快攻时，我都会感到尴尬，因为通常最后他的投篮都会被盖帽，哈哈。,1,开心,2,生气"
"被人拿枪顶在头颅的时候，我笑了…,5,厌恶,1,开心"
"壮哉你大靖西紫色的头发很帅你老公更给力真的靖西第一帅每天听你告诉我那些事都好厉害的样子我都没接触过以后我也要养只狗一定和你一样可爱,2,生气,1,开心"
"每一天都想见你,但这是不是爱情我不知道,1,开心,0,悲伤"
"姑娘默默的脸红了,有个词叫漏、比较尴尬的一慕发生在今天坐别人老公的摩托车上,@唐姐你懂得,5,厌恶,0,悲伤"
"一到家，母后就数我脸上的痘痘，还撩起我的刘海看额头，然后表情超级夸张半脸惊恐半脸嫌弃地说：天，这么多！吓得我立马去照镜子，左看右看才三四个啊[白眼]母后你太过分了。#对颜值过分要求的家长#,3,惊讶,4,恐惧"
"那简直不像她，天哪,3,惊讶,2,生气"
"操吗隔壁的,上学管我不说什么,放假还给我越来越扎精,我操,老子又不是怎酿么,管你个求,吗隔壁,老实得意了你,以为我会服你噶,你想太多了,要关要收随你便,到时候不要显的你太可悲就行,请便,5,厌恶,2,生气"
"。@qqxh310:不会像去年终极版那样，将4排的某低价票区，画得比14排的1280还宽吧？。再将已近乎于和舞台平行的高看台区画到中轴线附近，以示视线很好？。明明座位已开到极致的变态，出来的图却像半场光景。。没见过这么自黑旗下歌手的脑残公司！。别人家都可劲儿吹，你们倒好，为赚黑心钱，将图上低价区虚假放大。,2,生气,5,厌恶"
"我真是太tm傻了!,2,生气,0,悲伤"
"一些人一些事就这么明明灭灭地刻在沿途的风景中。我学会了安稳学会了谎言学会了冷静学会了沉默学会了坚忍,辗转中的快乐在百转千回中碎成一地琉璃。我站在风中把它们扫进心底最阴暗的角落。如果有不幸你要自己承担,安慰有捉襟见肘。自己不坚强也要打得坚强。,1,开心,0,悲伤"
"不知什么时候学会下雨要去找屋檐躲,0,悲伤,2,生气"
"一个试图装成人类的唐纳德海报，是我见过的最可悲的事情之一。,0,悲伤,2,生气"
"但是不妨碍我们家coldplay~~~~~~还是很羞耻~~~,4,恐惧,0,悲伤"
"我正在对那些因为必须设置苹果账户才能使用iPhone而对我大发雷霆的Consumer Cellular客户使用我的方法。,5,厌恶,2,生气"
"[耶]胖死算了！,1,开心,2,生气"
"做了一个超级大噩梦,醒来觉得也算人生写照,1,开心,2,生气"
"第一步,线描;第二,上色;第三,完成。这就是现在书店工笔画的大多数教程。,2,生气,1,开心"
"在你心里我真的比不上她们吗,0,悲伤,3,惊讶"
"自私鬼!!我衣服都没柜子放,尼玛您占柜子放书放不需要用的东西,放你妹啊,傻x。非得要用抢的形式吗?我是不想说,都一个宿舍的,您有一个柜子了还占一个干嘛,六个人,就我没柜子,您抢占之前可以问一下吗?打算明天整理的,就没了,我操!一大张床在那不能放东西吗?[怒],0,悲伤,2,生气"
"找一个能领着你前进的人其实挺难的,很多时候得看运气,0,悲伤,1,开心"
"啊,,想死了,寝室的大哥又在打呼噜了,0,悲伤,5,厌恶"
"有时候觉得自己像个神经病。。既纠结了自己,又打扰了别人。。,0,悲伤,5,厌恶"
"我想，14年的客户服务经验终究还是有些用处的。,1,开心,0,悲伤"
"其实并没有，我只是想知道你为什么特别认为他状态很好。（因为我真的看不出来）,2,生气,3,惊讶"
"出生是我不可选择的,生长在这样的家庭也不是我可选择的。不是一家人永远都不是一家人,再亲又有什么用,更何况不亲呢。我本就没有那些,所以我警告自己不是我失去了,而是自己根本就没有。以前没有,现在没有,以后也没有!!!,5,厌恶,0,悲伤"
"如果我去世了，我一直在想谁会来参加我的葬礼。我想应该只有我妈妈吧。也许有一天我会知道。,0,悲伤,3,惊讶"
"无意冒犯，但你的结论可能和指责[姓名]一样不准确。,2,生气,0,悲伤"
"快三年了，想念那份喜悦，这是份原动力！,1,开心,0,悲伤"
"下班回家途中想到了蓝可儿的视频,说实话我真的很怕[泪],2,生气,4,恐惧"
"我了个去啊……,2,生气,3,惊讶"
"天好热,必须要出门,伞被李狗蛋尿湿了,1,开心,0,悲伤"
"希望你们女的裙子被钉子挂住，男的套套都有孔，枕头下面藏老鼠，马桶座上藏大便，衣橱里藏人，爱人背地偷人，做饭盐放两遍，拖鞋下面有图钉，筷子上面有倒刺，私车山地里抛锚，电话满格时爆炸。,2,生气,5,厌恶"
"真是个蠢货！,1,开心,2,生气"
"今天和几个小弟玩扑克,完事儿和去年春节一样的,只不过去年输400,今天3倍。,3,惊讶,2,生气"
"香菜拔牙蝴蝶脂肪中年女性漫画停刊爬山,4,恐惧,2,生气"
"特别不喜欢版聊的,又没有什么精彩的回复,明明可以集中在评论里的,为何要刷屏扰人呢?还有那些讨厌别人转发时删掉他的名字叫嚷着要删就从原博转的,要不要这么玻璃心啊!我就不喜欢带着一堆无意义的表情、呵呵哈哈甚至“转发微博”等字样转发不行么?何况有时纯粹是字数不够干脆全删。,2,生气,5,厌恶"
"呵呵呵、、、,1,开心,0,悲伤"
"记到你们遭报应的那一天..,2,生气,5,厌恶"
"真服了这就是我为什么高冷病患的原因不懂心怀感激不会体谅别人的家伙我没有理由再对你好对你善良继续我的冷漠就对了,2,生气,0,悲伤"
"我想我对人太好了，得学会开始说“不”。,3,惊讶,0,悲伤"
"为什么这么多踩？,3,惊讶,2,生气"
"出去转一会儿,风那个吹的,干冷死了......,2,生气,5,厌恶"
"有点兴奋过度了,一直没有睡意思,昨天只睡了4个小时,现在的我都还这么精神,不行,要努力睡着,晚安各位!,1,开心,3,惊讶"
"他们可能没什么钱，却仍然会做出糟糕的财务决策。,0,悲伤,2,生气"
"不，可复审的越位犯规真的很糟糕,0,悲伤,2,生气"
"明星真不该宣传迷信，要解放思想，科学发展才是！,2,生气,5,厌恶"
"笑死我了！我问林冠羽看没看过浪漫满屋？他说没。又问他宋慧乔呢？他说不认识。我说真的啊！,3,惊讶,1,开心"
"这真是令人惊叹又令人恐惧,1,开心,4,恐惧"
"大好周末大风狂沙什么的真烦人,窗外一只硕大的黑塑料袋飘了足足两分钟,刚刚目送它过到马路那边。,5,厌恶,2,生气"
"我不会做些那些自己觉得不好的一些事。例如、愿意为了几块钱就想跟别人吵一架的样子。你是太觉得理所当然了是吗?,5,厌恶,2,生气"
"哎呀，忘了把英国俚语翻译过来,0,悲伤,3,惊讶"
"但这会很疼,0,悲伤,2,生气"
"他只是去了一个很远的地方;只不过买不了回程的机票!,0,悲伤,2,生气"
"血的教训啊。。。,0,悲伤,2,生气"
"真不走运，你竟然在贝克顿,0,悲伤,3,惊讶"
"比如不让农村学生上大学。。,2,生气,5,厌恶"
"你为什么讲的如此艰辛好像我占了很大的便宜啊！,5,厌恶,2,生气"
"高中的时候两天洗一次头,即使大冬天没热水,到大学每天早上坚持洗头,即使早起10分钟去打水,到夏天的每天晚上洗澡,有时候真的不知道自己每天坚持为了什么,每天真的不想洗可是还是会不自觉的去洗,哪怕应付一下也要洗,我觉得这不是习惯,而是一种精神麻痹,难道强迫症又严重了?,2,生气,0,悲伤"
"对于那种认为贵的就是好的,名牌就是一顶一的好的,不论啥东西都只买最贵的人,只想对他们说俩字,做摆![不要],2,生气,5,厌恶"
"尼玛。。。。。。。。。[衰],2,生气,0,悲伤"
"昨晚喝了2杯红豆沙,睡觉把亲友梦了个遍。,0,悲伤,1,开心"
"永远不能好好睡觉。,2,生气,0,悲伤"
"说话长难句越来越多是说明你太久不见人了吧死宅!!!!!,0,悲伤,2,生气"
"发上来，我找呀去！！,2,生气,1,开心"
"这就是我们所谓的一衣带水的邻居吗？,2,生气,3,惊讶"
"鬼屋直播真的是第一次！！吓得我面部表情无法控制，手机摔了三次直接把直播都关了，还摔了一跤！！那些真人的鬼真的是超贱，越是害怕他越是要吓我！不过这次直播真的印象深刻啊～#天空狂欢节#,3,惊讶,4,恐惧"
"你怎能让我因你而割舍掉我的win7？！！！,2,生气,3,惊讶"
"。小人是我们事业的阻碍，成功的拌脚石。。在现实的生活中我们都会遇到各种各样的小人，这确实给我们的生活带来了不小的麻烦。。无形中给我们造成了压力，同时也起到了一定的破坏作用，很多人吃过这方面的苦头。。严重者被小人闹得事业停顿、家庭破裂，名誉扫地，一生毁于此，这种情况很常见。,5,厌恶,4,恐惧"
"你下班了不怕被堵截强暴啊！,2,生气,5,厌恶"
"。为啥我的微博AIR 和微博WING 都登陆不了。啊啊啊啊啊啊啊啊.........._(:з」∠)_,0,悲伤,5,厌恶"
"从香水有毒唱到套汉子然后又是天路原来现在流行一边蹲大号一边打电话唱歌原谅我不解风情...画面太美简直不敢看...,2,生气,3,惊讶"
"除了键盘的声音再没有听到其他脑袋舍不得放空,0,悲伤,5,厌恶"
"一个人自愚自乐久了,愚就多于乐了,所以交流是很有必要的。交流一人,胜造七级浮屠,2,生气,1,开心"
"不知道从什么时候开始,也不知道会怎么结束,用微博来发只是因为那谁好像不怎么上微博[偷笑][偷笑]应该看不到我发什么。这件事我还是不会那么轻易去摊牌的。因为我珍惜。大家别理我发什么。半夜三更睡不着脑子迷迷糊糊的,不过应该是真心的,1,开心,0,悲伤"
"于是，我被晕船了！,2,生气,0,悲伤"
"没想到那会是一个真正的替补。,2,生气,3,惊讶"
"。周末很郁闷，本想去看《最爱》，但是去万达影院，发现只有一场排期，在晚8点二十，其他的被《加勒比海盗4》占据，这是一个什么状况？,5,厌恶,0,悲伤"
"这就是为什么我不怎么打开Instagram的原因,2,生气,3,惊讶"
"这是我第一次看见校学生会招新是如此的凄凉,3,惊讶,0,悲伤"
"不，我只是在这里没见到过，只是想让你给我看看而已。,1,开心,2,生气"
"回来以后问我妈:“我那件只穿过两次的新大衣哪儿去了?”我妈轻描淡写:“那件像寿衣的?我丢了。”,2,生气,0,悲伤"
"对于混血品种，其实真的没有必要进行先天性缺陷检测。,2,生气,5,厌恶"
"是啊，但所有人都会死，所以这根本说不通，哈哈。,1,开心,2,生气"
"【人生最高享受】住英国房子,买俄罗斯别墅,用瑞典手机,戴瑞士手表,做泰国按摩,洗土耳其桑拿,雇菲律宾女佣,配以色列保镖,开德国轿车,坐美国飞机,喝法国红酒,吃澳洲海鲜,抽古巴雪茄,穿意大利皮鞋,看巴西足球,观奥地利歌剧,活日本长寿,拿丹麦津贴,领沙特工资,当中国干部!,1,开心,5,厌恶"
"最近的垃圾邮件都开始用“新年快乐”做标题了,5,厌恶,3,惊讶"
"tnnd 招商银行搞的这个单笔网上交易 500块限制也太恶心了，物价涨得这么厉害，500块钱够买个毛啊,2,生气,5,厌恶"
"话费没了,心情不好,刷微博好了[哼][哼][哼],2,生气,5,厌恶"
"咳咳,4,恐惧,0,悲伤"
"zombiemaker好好听……不过kisamanoinochi让我有一种出戏的感觉,3,惊讶,1,开心"
"整整一个星期都在跟数字打架战争交朋友,0,悲伤,2,生气"
"看到秀恩爱就[拜拜],2,生气,0,悲伤"
"今天天气挺好的,2,生气,1,开心"
"我都不知道祖国的国防建设建哪儿去了？,2,生气,5,厌恶"
"其实交朋友跟谈恋爱是一个道理我爱不爱跟你玩就看我联系你的次数了[可爱],0,悲伤,5,厌恶"
"面瘫不是我想改,想改就能改。。。,0,悲伤,5,厌恶"
"什么高级的qsv格式阿!伤心!,0,悲伤,2,生气"
"不行！,2,生气,5,厌恶"
"不言不语不忘记,0,悲伤,1,开心"
"一表姐生二胎了,每次评论她说说都不知道我是谁,几年了;选了贺群—一个素未谋面的老师做我的学年论文指导老师,论文发了五天才回我,论文没有修改,就一句话:最好写上自己的名字,尼玛,主题就是我的班级姓名,是睁眼瞎吗?本部暴力的楼管,不允许我们挂衣服,这种困难客服不了![伤心][怒骂],0,悲伤,2,生气"
"做什么都不对。,2,生气,0,悲伤"
"(一)上午应开英语培训班的好友邀请去帮她布置展示墙,因孩子都在上课,我轻手轻脚的从教室旁边走过越去后墙,突然""悠悠""一声打破教室宁静,我一回头就看到熟悉的脸孔在笑嘻嘻的看着我。台上的老师一脸惊讶,ray""她是我幼儿园喜欢的老师。""说完仍是呵呵的笑着。,1,开心,3,惊讶"
"刚开场的时候老邵说今天两队的主教练都是70后。然后老刘说,意甲一共三位70后主教练,还有一位是蒙特拉。[doge][doge][doge],1,开心,3,惊讶"
"好久没玩我的战地之王了,昨晚做梦都梦到拿着sr-2m在猎狐满街跑,真他丫的逼真,最后还来了个gp党三连杀之钢铁侠,估计过于逼真,脑细胞超负荷,搞得早上睡醒头晕吃完继续睡到12点啊才解困啊!唉......还是爱得深沉哪!,2,生气,0,悲伤"
"真V5。,1,开心,5,厌恶"
"我害怕这2天我自己会不习惯我害怕我的世界消失掉你的声音我期待星期天的到来,0,悲伤,4,恐惧"
"『回』『二』『十』『闪』『旭』,5,厌恶,1,开心"
"作为一个住在纽约的人，我完全同意,2,生气,1,开心"
"各种不顺,2,生气,0,悲伤"
"另一条发际线前方的那条略显不同的橙色发际线是怎么回事？那里到底发生了什么？,2,生气,3,惊讶"
"啊啊感觉跟不上时代了,如果能更有人气一点的话,我也想试试开一个读者群和歪歪什么的,说起来就是很美好的事哪~高考完胜!,0,悲伤,1,开心"
"。隐峰禅师倒立而亡后，尸体屹然不动。。远近人士争相瞻观，无不惊叹。。后来他一个出家为尼的妹妹闻讯赶来，看到这种场面，上前拍拍隐峰的尸体，斥责他生前不守礼法，死了还蛊惑世人。。说罢，用手一推，尸身踣然倒下。。再怎么轰轰烈烈、别开生面的死，也都是脆弱的。。而脆弱之中，却自有做人的一份尊严与洒脱。,3,惊讶,5,厌恶"
"渐渐的你们都有了自己的女朋友??真的不知道我算什么我是什么??难道我就真的那么不重要那么廉价吗??一个是这样??两个是这样??全都是这样??......呵,1,开心,0,悲伤"
"胃疼。,0,悲伤,5,厌恶"
"连续发烧5天终于退烧了，在家隔离[生病] ??,4,恐惧,3,惊讶"
"真的。。,0,悲伤,2,生气"
"好吧，你不再来CV了。现在只剩下我一个人来应对那些辩论代理人了。,0,悲伤,2,生气"
"堕落只是上瘾的十分之一。上瘾是指你发现一种快感，你爱它胜过爱你自己。要小心。,1,开心,3,惊讶"
"卧槽我特么刚才被我亲爹关注了！！！！！！！,2,生气,3,惊讶"
"谢谢大家的关心i'mfine小小的鼻炎被我打败了i'mstrong只是此情此景让我想起突然断了联系的从前的对我好的小伙伴有点、、、,1,开心,0,悲伤"
"苦逼的六一儿童节特么泡机房做到疯癫也就算了,妹子还跟男人跑了,说好的儿童节套餐也打折扣了(*`へ *)☆彡,0,悲伤,2,生气"
"今天,网上关于同性婚姻的讨论甚热,看到一句话,我觉得是我所见过的关于同性恋与异性恋最精彩的一句话:“曾经由男人来决定女人该不该受教育,白人决定黑人能不能活下去,后来我们都认为这是荒诞的,如今我们却又让异性恋来决定同性恋能不能相爱”。我只能说呵呵呵~,2,生气,1,开心"
"所以，今天看精品，得知李总的《对不起 只是忽然很想你》竟然也是堵在双井桥上构思出来的，我森森地羞愧了…,4,恐惧,3,惊讶"
"保卫萝卜升级完没看见新地图...也没有个回退再重装...............,0,悲伤,2,生气"
"有一千个理由不想去、但又有一万个理由必须要去。,0,悲伤,5,厌恶"
"我讨厌有人对着我大声说话,特别是带着凶的语气。或许说不是讨厌,而是有些害怕。真的会吓到。,5,厌恶,4,恐惧"
"人生有时太狗血。真的太狗血。。狗血淋透的心。。。学着去适应。有时,不得不削足适履。。。。。。。。。,0,悲伤,2,生气"
"其实一个ipod只有我两天工资，但是TMD想起被偷还是一口凌霄血狂吐不止……,2,生气,0,悲伤"
"有太多缺失的信息，很难分析清楚。是你提出离婚的吗？离婚的原因是什么？,2,生气,3,惊讶"
"曾经你以为一些人可以深信,到头来却是自己一厢情愿。然后你会发现,自己才是最值得相信的人。,2,生气,0,悲伤"
"到目前为止，“目标”一直是有罪的。,0,悲伤,2,生气"
"有一种见面,叫想掉头就走;有一种感觉,叫心里在发毛;有一种再见,叫啊~拔腿就跑![din推撞],2,生气,5,厌恶"
"很不爽,我很不爽,不要让我更不爽。,2,生气,0,悲伤"
"//@环球资源外贸宋卓艺: 妈的，能不能告诉我什么能吃什么不能吃啊，谁给我答案啊，疯了，我要买个食品检测工具,2,生气,5,厌恶"
"我就想问一下有人自称和你是一个闺蜜圈子但是每次闺蜜聚会都不叫你然后三天两头在朋友圈和各大常用社交网站发她们闺蜜聚会的亲密照片这种行为是真的是要无视别人的感受吗?既然不把你当闺蜜何必说得好像关系那么好,白瞎了我一番真心。,0,悲伤,2,生气"
"[NAME]很糟糕，任何仍然支持他的人都应该为此感到难过。,2,生气,0,悲伤"
"不管全世界所有人怎么说,我都认为自己的感受才是正确的。无论别人怎么看,我绝不打乱自己的节奏。喜欢的事自然可以坚持,不喜欢的怎么也长久不了。,1,开心,2,生气"
"还有你们要不要长那么挫啊！！,5,厌恶,2,生气"
"一个永远不想让大人知道的谎言,最终赤裸裸的被揭穿,0,悲伤,2,生气"
"为毛现在电视里相亲的节目越来越多[哼] 结果就是每天晚上我爸妈都有的看。。,2,生气,0,悲伤"
"唉，这得怪那些非法进入美国的非法移民。,1,开心,5,厌恶"
"是的。这个版块里有一半的帖子都是关于摆拍的。我觉得她摆的那个姿势也很可笑。,2,生气,1,开心"
"真讨厌你,别人做什么都要学。有点自己的风格会死么。呵呵。,2,生气,5,厌恶"
"。真羡慕姚楚嫣啊，除了生病，其它什么时候都是兴高彩烈的，从来不知道忧愁是什么，更不用大周末的开车跑到张家口去搞什么活动。,1,开心,0,悲伤"
"喜欢的人可以装作不喜欢但是不喜欢的人一定没法装作喜欢,0,悲伤,1,开心"
"阅读。抽大麻。玩电子游戏。抽大麻，清理所有东西！,1,开心,2,生气"
"啊，原来你就是人们讨厌自闭症患者的原因。,2,生气,3,惊讶"
"其他所有方式听起来都不对。SPR，一生相伴。,3,惊讶,2,生气"
"是啊，150有点太高了。恢复到125就完美了,3,惊讶,1,开心"
"但在巨大的社会环境压力之下又显得如此的无可奈何。,5,厌恶,0,悲伤"
"放学回家,家门口有堆砖头,栓了只羊,我不知道被羊绳绊倒的还是砖头绊倒的,栽了,5,厌恶,0,悲伤"
"我们每天有超过七亿人喝醉！！,2,生气,1,开心"
"好想再看一次天使爱美丽看到她我就想起那傻逼怎么这么像自己,2,生气,0,悲伤"
"从五点到十一点连过三个峡[good][good][good][good][good]居然客人都要看！,3,惊讶,2,生气"
"别说教我！！,2,生气,5,厌恶"
"想象一下，自己竟是如此无用的寄生虫,2,生气,0,悲伤"
"教育已经出了问题拉，现在要赶快扭转[给力],0,悲伤,2,生气"
"」朋友們都不相信有中午十二點的喜宴。,3,惊讶,2,生气"
"如果你给不了幸福她,就请你不要伤害她,这样对彼此的伤害会更大。,0,悲伤,1,开心"
"真想找个没摄像的环路,油门踩到底,看着速度指针40,80,100,120,140,160,180的跳,0,悲伤,5,厌恶"
"刚得瑟几天最近睡眠不错,从今天又开始失眠。2点睡4点醒,平均一天2小时的睡眠时间还不包括入眠和挣扎着睡不着然后起来开电脑的时间。闹哪样啊亲。,3,惊讶,0,悲伤"
"想安静地听你撒娇,看你睡着一直到老[玫瑰花],1,开心,0,悲伤"
"“加多宝”是个聪明的孩子,公关宣传牛掰坏了~,0,悲伤,1,开心"
"我不会做些那些自己觉得不好的一些事。例如、愿意为了几块钱就想跟别人吵一架的样子。你是太觉得理所当然了是吗?,5,厌恶,2,生气"
"这张对比照笑死我了！斯塔西看起来就像个加州葡萄干！！,2,生气,1,开心"
"下大雨我次奥今晚简直不用睡了,3,惊讶,2,生气"
"你刚才到底打了什么？,2,生气,3,惊讶"
"听说鱼的记忆只有七秒！这么看来我觉得这条鱼是很悲哀的！很多人都说，如果自己是一只鱼该多好，就可以很快的把悲伤，烦恼，忘掉！总有些人不愿承担责任，承受痛苦，为此给自己心灵找到了一个安慰！这样的人生又有何意义呢！人有七情六欲，活下来就该承受这些悲伤，痛苦_,3,惊讶,0,悲伤"
"刚刚在煮快速面第一次自己打了个蛋,感觉十分良好,然后又打了一个,结果满桌是蛋黄(╯`□′)╯(┻━┻,2,生气,5,厌恶"
"面对一马桶显得那么如痴如醉!,5,厌恶,1,开心"
"一群四五十岁的大妈们像十几岁都小姑娘一样追一个叫“天坛大洋”的人,居然还有电视台做这个节目,毁三观啊,2,生气,5,厌恶"
"声卡：我插上主板不动不说还得整天叫。。。,0,悲伤,5,厌恶"
"当我总是“正确”却从未如愿以偿时，我开始思考。,0,悲伤,3,惊讶"
"实际上，我几乎不记得近年来有任何关于他登上排行榜第一的帖子。大多数帖子都是关于他对黄金分段玩家的惊人胜率。,1,开心,3,惊讶"
"我越看越觉得糟糕,3,惊讶,5,厌恶"
"路边发传单的美眉，一点都没有考虑到我的心情，什么十天减肥不反弹？,0,悲伤,2,生气"
"一整个宇宙换一颗红豆永远是我的写照是否把一个人当成全世界然后那个人会更想拥有除了你以外的世界,0,悲伤,5,厌恶"
"这绝不是偶然，完全是受教育不够的结果。,5,厌恶,2,生气"
"为了大家的健康，今儿个做了个大恶人，开罪你们啦（烟民兄弟包括总经理和最大的老板）〈对给你们带来的不便12万分对不起〉[做鬼臉] [害羞],0,悲伤,2,生气"
"mywork,hercontribution![鄙视][吐血],3,惊讶,2,生气"
"以“100核心词”对比,现代汉语和现代英语之间的同源词汇为大约20%,使用t=log核心词同源率60%/2log85%判断,现代中国北方语言和现代英语的分离时间大致为4951年。汉语和法语的同源率为大约24%,拉丁地区与汉语的分离时间是大约3700年,也就是中国商朝期间。,3,惊讶,2,生气"
"我真的不知道做老板秘书是件好事还是坏事??????既然你给于我这个机会,我将尽我自己最大努力做到最好!,4,恐惧,5,厌恶"
"。讨厌看牙医啊啊啊!!!!!!!!!!!!!。要我半条老命啊啊啊啊啊!!!!!!!!!!![惊哭] [惊哭] [惊哭] [惊哭] [惊哭] [惊哭] [惊哭] [惊哭],0,悲伤,2,生气"
"最近是很流行已读是不是[鄙视],0,悲伤,2,生气"
"我真的不认为没有其他情感问题的健康人会后悔有孩子。,0,悲伤,2,生气"
"你是什么意思？,2,生气,3,惊讶"
"这大半夜的，高高兴兴盼杀青，结果却是一地的BLX。。。,2,生气,3,惊讶"
"我怕没有你在我身边,我会不够坚强。,0,悲伤,4,恐惧"
"不说,弄凶了怎么办,4,恐惧,2,生气"
"说走咱就走啊!你有我有全都有啊!,1,开心,5,厌恶"
"昨晚上吃胶囊感觉没咽下去早上起床觉得它还在喉咙管[生病],5,厌恶,4,恐惧"
"比如抗议提高最低工资和改善工人福利？没错，在加拿大，我们抗议的恰恰相反。,3,惊讶,2,生气"
"吃完饭,擦桌子。。我看有水,就抓过些卫生纸擦一下。我爸说,你得用正经抹布擦才行。然后!!我语速均衡,言语流畅的说的说。。不用了吧,刚刚都用卫生巾擦过了。。!!?[可怜][可怜]我已经没力气钻地缝了,直接倒在地上瘫死过去吧。。啊[抓狂],5,厌恶,0,悲伤"
"[名字]在上一轮的表现真是糟糕透顶。话说，[名字]的专精英雄有斩获吗？,2,生气,3,惊讶"
"因为这是我们希望永远不需要的一项权利，至少在反抗或自卫的意义上是这样。,1,开心,2,生气"
"真糟糕,2,生气,5,厌恶"
"我拍拖了!,1,开心,3,惊讶"
"莫过于平凡而沉默。,1,开心,0,悲伤"
"偶就是·················,0,悲伤,1,开心"
"等我发现是延误时，已经太晚不能回去睡觉了，但我又没有足够的时间去做任何有趣的事,2,生气,0,悲伤"
"保佑保佑[蜡烛][蜡烛][话筒]祈祷祈祷[奥特曼],1,开心,0,悲伤"
"刚半个小时不到,吃了一斤生板栗。等着啊!晚上失眠找你~,0,悲伤,1,开心"
"明天还要早起开会,0,悲伤,5,厌恶"
"y增量死活算不对[抓狂][抓狂],5,厌恶,2,生气"
"能不能直接到开业那天？我已经受够了猜测。让我们别再玩前戏了，直接上床吧。,2,生气,3,惊讶"
"我尽了全力，但我的全力总是不够。,1,开心,0,悲伤"
"fuck我怎么能跟vodka比能不能食。[泪],2,生气,0,悲伤"
"你是怎么知道的？还有，别剧透，我很期待新剧集。,3,惊讶,1,开心"
"这几年我觉得自己很怪,原来我是没有自信心,是有轻微的抑郁,难怪活得一点都不阳光不豁达,总是闷闷不乐的不合群!怎么才能走出这样的生活??,0,悲伤,5,厌恶"
"~~同志~~ [姓名] 我很震惊，你竟然指责我使用兴奋剂。呸！呸！我呸！,4,恐惧,3,惊讶"
"是明知有很多不尽人意不遂人愿,是明知很多事情是不能掌控的,可预想的是没有第二种可能才会被这种可能性搞的愤怒失望不高兴。我说不出这没什么,mlgb说什么军训可能是人生最后一次,现在做的可能成为最后一次的事儿太多了,20130302是一生唯一的日子吧,20130303呢,shit,难受不想说话。,0,悲伤,2,生气"
"一样……只是我长得不好看：,2,生气,0,悲伤"
"我在浏览网站时，本以为r/Browns这个版块能满足我的需求……结果不行！,2,生气,0,悲伤"
"我其实是因为[NAME]在ds2上的视频才接触到“hbomb”和“breadtube”的。所以，要谢谢[NAME]吗？,1,开心,3,惊讶"
"那真是迅速删除啊！,1,开心,2,生气"
"我觉得这没什么大不了的，,3,惊讶,2,生气"
"31. 至少恭喜你获得了巫师的力量。你学了哪些法术？,3,惊讶,1,开心"
"哎哎。。。。挂了,真是点背。。。心情不好啊!!!,0,悲伤,2,生气"
"西服不是这样穿的啊亲们！,3,惊讶,2,生气"
"大久保感谢日本/欧洲团队在周末为更新说明所做的工作，但随后欧洲团队却没有发布他们的更新说明 :-/,1,开心,3,惊讶"
"其实并没有，没有,2,生气,0,悲伤"
"？？？？？？？？？？？？？？？？？.........[衰],3,惊讶,0,悲伤"
"叫你拟超级英雄不是叫你画自画像啊!!这也就算了为什么会觉得这很中二啊啊啊啊啊??!我不想说什么圈子不圈子的问题,真的毛病出在哪里你们应该明白......真的不是看美漫的人冷高,2,生气,5,厌恶"
"是啊，第一个向政府哭诉，却乐于欺负靠救济金生活的单身母亲,1,开心,2,生气"
"好吧，但如果你雇他担任管理职位呢？他让女性感到不舒服，随时可能引发性别歧视诉讼。,5,厌恶,2,生气"
"好久没见到你妈逼了明晚可以看见它好开心!,2,生气,1,开心"
"这世道，人不如狗。,5,厌恶,2,生气"
"然后，他像刺杀五名警察一样，躲进了一个干草堆里,4,恐惧,2,生气"
"我打算瞒着父母去看一场，希望情况能好转。我似乎再也受不了了。,1,开心,0,悲伤"
"这很好地解释了ICP。,5,厌恶,1,开心"
"海敏吧发的所有东西 都是因为爱李东海爱李晟敏爱海敏才发的 发给喜爱海海敏敏的亲们共赏的 所以也请各位互相尊重喔喔~~~~~不喜欢或者不是你喜欢的CP请别评论也别转发都没关系的喔嘤嘤嘤素质神马的嘤嘤嘤 真心感谢配合&amp;amp;gt;///&amp;amp;lt;,1,开心,0,悲伤"
"这很难说。他们是一支高于平均水平的球队，但往往看起来缺乏活力，表现不佳。,2,生气,3,惊讶"
"晚安重庆[月亮],1,开心,4,恐惧"
"好久没有这样考前失眠了,0,悲伤,2,生气"
"这太糟糕了,4,恐惧,2,生气"
"有木有！！！！,2,生气,5,厌恶"
"这张照片和Tinder一样古老。据我们所知，发图者可能是一只狗。,1,开心,3,惊讶"
"。由于太好奇了，小家伙完全忘记了还有玻璃这回事儿，再近一点，再靠近一点点……。不知道为何，笑过之后很心疼。,0,悲伤,1,开心"
"今天我终于发现和小学生对话就算白费力气,情商不足根本治不了,还是关回学校受教育去吧。,5,厌恶,2,生气"
"刚刚吃了买买提大叔的三个烤包子,又吃了两个蛋挞,然后又吃了一个辣鸡翅,还有一瓶可乐,我是不是不应该搭配着吃??卧槽尼玛!!现在有种说不出的感觉!!谁懂我!!谁懂!!!谁!!!!,2,生气,5,厌恶"
",看来今天又能去吃一顿好的了www~~~,0,悲伤,1,开心"
"死了一个小时终于醒了。。。orz,0,悲伤,2,生气"
"星星哪找的收银员?为了挣钱给没有馀额却正常使用的机子结账...那种骚b女人我最烦...班里也有这种,看见就烦...,2,生气,5,厌恶"
"理想与现实的距离,就是“做梦”与“做梦吧”的距离。,5,厌恶,0,悲伤"
"找力宏那段竟然在重播中给剪掉了...,2,生气,3,惊讶"
"对不起，姑娘。你值得更好的。,3,惊讶,0,悲伤"
"公司赶紧换电脑吧!这一卡一卡的真火大!动不动就死机的节奏真受不住了!总不能三天两头换系统吧!生生被逼成技术工了!,0,悲伤,2,生气"
"刚发现自己工位编号是二百五。,2,生气,3,惊讶"
"同样，夜晚是最难熬的。我和我的未婚夫（或未婚妻）要一起生活到六月，而夜晚真的很糟糕。,2,生气,0,悲伤"
"我想打麻将,可惜没流量[怒][怒],2,生气,0,悲伤"
"很讨厌那种自己的心情完全由另外一个人决定,5,厌恶,2,生气"
"宿舍放disco,1,开心,5,厌恶"
"同意[NAME]和yang的观点，其实我只喜欢[NAME]一小会儿，她让我很恼火,1,开心,2,生气"
"自制酸奶加蜂蜜面膜,涂在脸上那叫个smelly!另,今天在办公室吃的葡萄真美味,重新恋上葡萄君。,5,厌恶,1,开心"
"今天总之心情很不好,也许是看到清华教授高调论坛房价问题,也许有想起那些披着狼皮的狗——城管,也许又想起那些""廉政""的法官。哎,心情很是不好,谁又能理解那?还是默默的流淌着那些痛楚的泪吧!!!,2,生气,0,悲伤"
"等待也是一件美好的事。,0,悲伤,1,开心"
"我真他妈服了你们这帮老头老太太！,2,生气,5,厌恶"
"有的人,,就是用来越来越不爽的[奥特曼][奥特曼][奥特曼],5,厌恶,0,悲伤"
"越来越冷淡。之前承认我说的我太慢热当我热起来的时候他已经凉了,那他要是这么一直凉着,我也真没办法继续热下去了。下周五是2月14号,他要是不问我一起,我就再不斤斤计较了,拉倒。,2,生气,0,悲伤"
"唉......买房子的男淫,伤不起啊。这年头,还他娘的活不起了?!,0,悲伤,2,生气"
"如果你给两岁的孩子喂食1200卡路里的食物，那你就是在为食堂大妈养肥他们。,3,惊讶,2,生气"
"我希望你能挺过这一关。失去朋友是巨大的损失,0,悲伤,1,开心"
"这些帖子肯定会让人想当保安。,1,开心,2,生气"
"这就是寝室！！！,2,生气,5,厌恶"
"卧槽？？？放过广西吧，医疗条件真的不是很好，放过广西吧[泪][泪],3,惊讶,4,恐惧"
"。。。。。。。。。我怎么觉得我啥症状都有。。这可怎么辨别。。这个病毒也太毒了吧。。,4,恐惧,0,悲伤"
"/r/keto 信不信由你。,3,惊讶,2,生气"
"在外面刷微博的目的只是为了让我一个人呆着的时候看上去不那么像一个狗。,2,生气,5,厌恶"
"抱歉提问晚了，但我想知道，一个马德里球迷会员是否可以购买两张门票？还是一个马德里球迷会员只能购买一张门票？,0,悲伤,3,惊讶"
"可惜他代言的是精工，不然这会是个很棒的广告,2,生气,1,开心"
"偶开天眼见红尘,谁知身是眼中人。,2,生气,0,悲伤"
"不要让这个城市留下了你的青春,却留不下你~某房地产广告,心酸,却又真实~~,1,开心,0,悲伤"
"呃，我的老大，总是让我写范冰冰。,5,厌恶,2,生气"
"连续发烧5天终于退烧了，在家隔离[生病] ??,4,恐惧,3,惊讶"
"我为你那句绝妙的反击点赞，但我并不高兴！,0,悲伤,1,开心"
"我干嘛不选新闻呢。,2,生气,5,厌恶"
"跑去咨询,结果说你的专业可以考,但是,就怕证将来出不来。我晕,到底怎么办我今天就想把这事定了。[抓狂],0,悲伤,2,生气"
"若大的一层，连张招贴画都没有，展示架也是空的，更没有音乐和屏幕。,3,惊讶,2,生气"
"奇怪的qq,奇怪的人人,奇怪的短信,奇奇怪怪的人和事,真奇怪!大金说是th运,但是,总是觉得很奇怪。,3,惊讶,5,厌恶"
"给城市发展带来了影响吗？？？,2,生气,5,厌恶"
"西服不是这样穿的啊亲们！,3,惊讶,2,生气"
"从未注意到帕尔帕廷看起来如此令人不安,3,惊讶,2,生气"
"boss昨天中午请吃披萨,买了培根水果叉烧三份。boss问我,女孩子不都喜欢吃水果嘛,你怎么不吃。我很明白他的用意,很有自知之明的回答他说,因为我是男孩子。结果他来了句,对于xx是男孩子这件事大家和她坐在一起是不是倍感压力?!,3,惊讶,2,生气"
"一家公司招聘女秘书,请一位心理学家做参谋。题目是2+2等于几?第一个答等于4;第二个答等于22;第三个答等于4或者等于22;心理学家说:“第一个女子实际但保守;第二个好空想;第三个是最合适的。”然后问总经理怎么定。总经理想了一会说:“就要那个胸大的吧。,2,生气,1,开心"
"刚刚看了会儿娱乐新闻，葡萄这个认人的本领也就来了。看到林依晨叫姐姐??，看到郭碧婷叫阿姨??，看到霍建华叫爸爸（我老公可没那么帅），看到杨宗纬竟然叫爷爷。哈哈！这是根据什么标准来的呢,3,惊讶,1,开心"
"说到薄荷,想起小时候的一件事。有人送了一玻璃瓶自己提炼出来的薄荷油。某日忽然灵光一闪:这东西不是很清凉吗?就从头到脚抹了个遍......尼玛三十七八度的酷暑天,我裹着两床厚棉被还瑟瑟发抖,那种冷到骨子里的冷......过了好久才缓过劲来。,5,厌恶,0,悲伤"
"大家有吗?,5,厌恶,0,悲伤"
"什么？我以为这不过是一种再正常不过的、根本不构成任何威胁的童年疾病！她为什么这么害怕？,3,惊讶,4,恐惧"
"和你在一起。20年的相处，突然间就结束了。我厌倦了哭泣和受伤。我们会挺过去的。,0,悲伤,2,生气"
"我已经竭尽所能，花光了所有的战斗奖金。对我来说，没有影级了,1,开心,0,悲伤"
"一个比一个嗓门大!偏偏babe的耳朵比什么都灵!,2,生气,1,开心"
"天空一碧如洗、人生一贫如洗,1,开心,0,悲伤"
"我手机的斗地主,还差500分就30万积分了,之前我手机才3万分的时候,让你看了,高兴我不行,我说等到了30万给你个惊喜,哈哈,这么久终于快到咯!,1,开心,0,悲伤"
"以为：只要每天微笑，就可以看不见烦恼。,0,悲伤,1,开心"
"[NAME]在第七季的表现相当愚蠢,0,悲伤,2,生气"
"哎呀！反犹太主义！没想到AnCaps（一种政治立场或标签）竟然会这样，但我也不感到惊讶。,0,悲伤,3,惊讶"
"自从特别关心某些人之后(也许是我当年脑残)只要一打开数据连接就会收到各种今天吃了什么早上起来问自己好干巴爹各种祈祷各种爱自己[汗]真心想拉黑她但同是一个朋友圈子这么做不太好我又很懒不想麻烦去改就这样一直拖沓一直忍受[悲伤],5,厌恶,0,悲伤"
"“天哪，停得真准，干得好[NAME]”,2,生气,1,开心"
"今天拉肚子,没有力气。心情不好,我深深的愧疚!为什么管不住嘴[泪],原谅我。懊恼中。,1,开心,0,悲伤"
"要不要这么倒霉!!摔了两跤!!衣服全脏!!不过是校服。。[怒][怒][泪][泪][偷笑],2,生气,0,悲伤"
"认知翻完了,六月也结束了,奇特的六月,1,开心,0,悲伤"
"。我的手指下午三点左右被公司的小狗牙齿划伤了，破了，有血渗出。。小狗今天刚打完最后一针，我去哪打狂犬疫苗啊是不是还要打那个巨贵的免疫球蛋白啊是不是还得打破伤风针啊我的粉丝里有没有大夫啊。。。。。。。,2,生气,0,悲伤"
"鸡肯定会灭绝，绵羊或许有一丝生存的机会，奶牛的机会可能会稍微大一些，但猪肯定会存活下来。,1,开心,0,悲伤"
"。无论神马人，都会有自己恐惧的事，昨晚小法成功战胜恐惧，独自睡觉。。而我自snowy进家，只远观不近前。。一早也想战胜恐惧的我，带着手套摸了下狗狗。。其实这有多难呢？。我怕神马呢？。可是就是克服不了。。上网一查，这叫动物恐惧症。。原来这是病啊！。我想治病了！,0,悲伤,4,恐惧"
"莫名其妙被变成另外一个人?!很好玩?!!,2,生气,1,开心"
"不去的话更傻，买回来的鞋子儿子没法穿，权衡了下还是再傻跑这一趟了！,0,悲伤,5,厌恶"
"还是家里好,空调想开到几度就几度,[泪][泪],5,厌恶,0,悲伤"
"[1/2]【律师自曝曾给梦鸽支招:用案中案翻案】自称该案其他嫌疑律师曝料,曾支招,“本案应定为强迫妇女卖淫罪”,嫌疑人主观上只有嫖娼的故意并付二千元嫖资,通过组织顶级刑法学家论证,借专家口说出,影响舆论,做检察院和公安的工作把酒吧经理抓了,搞个案中案,“绝对可把翻案!”网页链接@,2,生气,1,开心"
"就别来我们这小破岛了吧，求求你们了,4,恐惧,0,悲伤"
"我不确定自己有没有听说过这个。真的很有趣。,3,惊讶,1,开心"
"真的不能!!!!!!,0,悲伤,2,生气"
"a:为什么在中国抢银行的这么少?b:因为我国枪管理严格呗。a:因为中国堵车太严重,抢完了也跑不掉!,1,开心,2,生气"
"每年1000亿的规模，拨付下去还不知道打了什么野狗。,5,厌恶,2,生气"
"在第一个组合中，如果你只是做了b+k，而没有费心去踢它，那么伤害就会多出1点。虽然不多，但我就是这么想的,3,惊讶,2,生气"
"完了被封了#全国确诊新型肺炎病例##河南硬核# ??,4,恐惧,3,惊讶"
"> 也许我躲过了一场和白痴的争吵，听上去你几乎肯定也躲过了一场。祝你过得愉快:),2,生气,1,开心"
"他们在会议上讨论应该如何称呼“非君士坦丁堡”版本——竟然没人想到这一点，真是不可思议。,2,生气,3,惊讶"
"什么？我不仅仅想和他上床。我想要更多，我不知道……我珍视我自己,2,生气,1,开心"
"等不到你的晚安,我怎敢入眠。,0,悲伤,4,恐惧"
"怎么办要上去了[哼],4,恐惧,2,生气"
"徒手捏碎玻璃胶囊。。姐觉得自己好牛逼,要不是大拇指哗哗淌血。。。[泪],2,生气,0,悲伤"
"大家有吗?,5,厌恶,0,悲伤"
"還沒準備好，好運突然降臨，讓我受寵若驚！,1,开心,3,惊讶"
"宁可累死不要闲死???????,1,开心,5,厌恶"
"怎么可能是叛乱分子又是那个利益集团哪个国家事件的收益他们都一步步盘算好股市收跌恐吓某人制约某国叛乱分子成了代罪羔羊现在背后的枪手早就淡定的打点一切了民航飞机被击落事很大暗杀历届美国总统事就不大?资本力量强大早就能运转一切。,2,生气,4,恐惧"
"今天晚上的月亮是再惊吓和惶恐中看到的、差点让烟花砸到、惊是惊到了、可是我丝毫没有喜悦感……不过、谢谢……真的谢谢……,3,惊讶,4,恐惧"
"一入商店深似海,2,生气,5,厌恶"
"你诚心不让老百姓住房子。,5,厌恶,2,生气"
"。老房子下面，堆积一地废品，疑似经营废品回收生意的一家人。。小女孩儿就这样坐在垃圾堆边，打开书包，拿出作业本。。她身边有几件零散的玩具。。小女孩儿头发很长，很好。。眼见你起高楼，眼见你刷墙壁，谁见此光景？。宜居重庆，城市让生活更美好。,5,厌恶,1,开心"
"鳗鱼饭,蟹黄手抄卷儿,fatburger,bbq饿肝,辣子鸡,锅巴一坛香,烤蔬菜,掘根粉,ramen,香蒜菠菜烤鸡肉拼怕怕罗尼,虾饺,螺蛳粉,waffle,杏仁豆腐,梅子酒,high-ball,烟熏三文鱼,紫苏香草死波盖踢,薏米水,明炉烧鸭,queenscafe那个千层,strawberry那个芒果儿和香蕉,2,生气,1,开心"
"这家伙看起来就像詹姆斯·邦德电影里的某个角色！,0,悲伤,1,开心"
"倒霉十无辜。。。怎么有这种人阿,偷别人的qq号,有这么本事,干嘛不自己去申请啊,0,悲伤,2,生气"
"知不知道啊？？？[酷],0,悲伤,1,开心"
"今天接到以前教过的学生的电话~一句?老师,我想你啦。眼泪就流出来了。我也好怀念那帮孩子们。你们不恨这个让你们画图画崩溃的'恶人',课下相处嘻嘻哈哈亲如姐弟,姐妹的老师!祝福我的学生,弟弟妹妹们一切如意!我与你们一同成长!我们是要做全力以赴的人。[拳头],1,开心,0,悲伤"
"瑞瑞妹纸上楼从我后面发出了累死弹舌的声音,说了几句话,也不敢安慰他。????感觉他恢复地挺快,不过也只是看起来吧。不过怎么第二天就来上学了呢?就算是不太经常在一起,但也是父亲呢。我以为他会阴沉一段时间。毕竟是很久的同学,虽然他脾气挺怪,不过还算是个阳光开朗的男孩纸啊??,5,厌恶,0,悲伤"
"只有你看得到我所有的账号,你怎么还能说出我不需要你这种话。明明一周都不联系我,电话也是我主动打的,即使我qq和你说话都可以突然消失的家伙是你。,2,生气,0,悲伤"
"孩子，冷静点，天哪,1,开心,2,生气"
"有时首页的鸡汤乍一看挺有道理往上一看发的人......这脸要被打肿了吧干嘛这么对自己[拜拜]人能不能有点自知之明?一面镜子不贵啊我帮你出可好?而且一旦被这种人转发自己的微博感觉特别微妙啊跟这人一个审美分分钟要软......人丑多读书可好?哦我忘了大大最喜欢摆哲学脸了。,0,悲伤,5,厌恶"
"大半夜窝在被子里吃板栗喝牛奶,我该说我可怜呢还是快活么?,0,悲伤,5,厌恶"
"明天要去青口，星期一就要考刑诉，纳闷了，都大学了考毛的期末考。,5,厌恶,3,惊讶"
"其实真的很在意你,其实真的很喜欢你,其实,真的很爱你......,1,开心,0,悲伤"
"在适当的时候做适当事~这是一门艺术~我相信我永远都学不会~也不耻去做！,5,厌恶,0,悲伤"
"你以为世界都得围着你转阿,你看不惯别人做事就别看阿,你这么自虐你爸妈知道么?!,5,厌恶,2,生气"
"不好意思，不该这么说一个孩子，问题出在大人身上。,5,厌恶,2,生气"
"。韩庚走了……。就轮到金希澈了……。果然……。历史总是惊人的相似……。哎哟别来掐我别来掐我……。[咬手帕] 我就吐槽……。我不会掐架……,1,开心,0,悲伤"
"不要看微博热门话题事件,百分百算是找骂骗眼球求粉互粉触下线的。为你们智商捉急![哼][哼][哼][汗][汗][汗],2,生气,5,厌恶"
"这些天,渐渐萌生了怀疑,到底什么是喜欢?什么是永远?iwillneversayforeveragain,asit'salie.,5,厌恶,1,开心"
"其是每个人都有:但须是目边流的三点水,作为许多是平民看到不平,不洁,不公、狂寃之区迫目垂下,没有申理之处,吧了哎!!!,0,悲伤,2,生气"
"我就干你啊！！！！,2,生气,1,开心"
"u记的童装真的很好看啊,知道把大人的衣服做小给小孩子穿就不能把小孩子的衣服做大一号吗!,0,悲伤,1,开心"
"在磨砂玻璃隔开的洗手间里作业,来了几个人对着门上的广告仔细研究,这还真是种被围观的特别体验呀。,2,生气,5,厌恶"
"[最右]即便是地摊上那些被城市管理者四处追赶的小商小贩,就创造社会财富、推动历史进步而言,其贡献远在那些无忧无虑地呆在办公室里喝茶聊天玩游戏的公务员之上,远在那些地位显赫却尸位素餐的贪官污吏之上。[同意],0,悲伤,1,开心"
"反正我也超轻，谁给我拿本英语到（任何语言）的翻译书来。,0,悲伤,2,生气"
"神奇的退烧药吃完之后我从40度降到了...39度好产品好疗效,2,生气,3,惊讶"
"这让我很头疼,0,悲伤,2,生气"
"现实把你的梦想碾碎的时候才发现自己有多不现实,5,厌恶,0,悲伤"
"我内心那个愤世嫉俗的人很确定，他们其实什么都没做。,1,开心,2,生气"
"据说:好的大便是,你大好之后就可以直接拎裤子。纸巾都不用。,3,惊讶,5,厌恶"
"今天手机、电脑接连出现问题,无语啦,0,悲伤,5,厌恶"
"我只是觉得，如果我不参与讨论这个话题，就太失职了。,0,悲伤,2,生气"
"从大一到现在,穿坏四条牛仔裤了,啊!我不是穿裤子的,我是在”吃“裤子啊!这让我情何以堪?!,2,生气,0,悲伤"
"他们早已成为权力的同谋，权贵的代言，并且干的废寝忘食，无比尽责。,2,生气,5,厌恶"
"明天填表办签证,5,厌恶,4,恐惧"
"舍不得孩子套不着郎,1,开心,0,悲伤"
"每天都忘记自带耳机,为了不吵到别人,每天都在看无声电影。。。。,1,开心,5,厌恶"
"来自《佐伊》的[名字]和来自《TTGL》的[名字]。其实，真正重要的是来自《大O》的[名字]。,2,生气,1,开心"
"对于疏于经营情感的情侣来说；时间才是最让人担心的小三。,4,恐惧,2,生气"
"米娜,晚安。,1,开心,0,悲伤"
"孩子太多 少了一个我都没发现 哈哈哈哈哈 苏达在 苏达在,1,开心,0,悲伤"
"老二内臭氧机打了一下午臭氧,,没开窗户,,这个味儿呀,,奥利奥都不愿意闻了。。[汗][汗][汗],2,生气,5,厌恶"
"请不要让我再在Trader Joe's提起《火焰纹章》了，我再也不去了,0,悲伤,2,生气"
"李晟敏1p..呀呀..,1,开心,4,恐惧"
"小气鬼,记仇鬼,面瘫鬼,,5,厌恶,2,生气"
"你拍个求啊！,2,生气,1,开心"
"像钱钟书那样全身心地做学问的人,实不多见,因为很多大学者都免不了被鲜花和掌声拥上讲坛,慷慨激昂一番......钱先生绝不参与这种场合,他不愿讲假话废话,浪费时间,所以他的某些话有时也会让某些人极不舒服,譬如这句:“自传不可信,相识回忆亦不可信......”热衷或痴迷自传的人,有几个不忽悠?,2,生气,5,厌恶"
"半夜把自己咬醒,醒来居然还胃疼,是因为人肉过敏吗?[泪],0,悲伤,2,生气"
"一念之间,就和成功死亡关系匪浅,0,悲伤,5,厌恶"
"有一类女人她喜欢家里有老公外面有情人,木有情人她就会想方设法的给自己制造机会找情人[汗]对于这种贱人,活该被抛弃,可怜了那个煞笔男人娶了她就等着戴一个一个的绿帽子吧。脑子装便便了,2,生气,5,厌恶"
"活在这个操尼玛的时代。凡事都要抱着去他妹的心态、此刻爆粗值得原谅[抓狂][委屈][右哼哼],0,悲伤,2,生气"
"听说前女友因为家暴要和她老公闹离婚,我立刻推辞了手头的工作,买了张机票飞到她的城市,出了机场我就去超市买了一堆好吃的和一瓶红酒,然后打车到她们家门口,一边趴门上听她老公打她一边很有满足感地吃了起来。,0,悲伤,1,开心"
"方便面涨价了，鸡蛋涨价了，面粉涨价了，汽油涨价了，羽绒服涨价了……,2,生气,5,厌恶"
"这个GIF图从两个方向看都很奇怪,2,生气,3,惊讶"
"这样下去，腰估计得完完，我是不是腰肌劳损了呀只要不让我坐着，干什么都行，最幸福的就是能这样躺着发呆。,4,恐惧,0,悲伤"
"哇，是时候和[姓名]谈谈FPTP的替代方案了。,3,惊讶,1,开心"
"互联网使用过度,1,开心,0,悲伤"
"是哪个挨千刀的把马路画成这样，吓到我了,4,恐惧,3,惊讶"
"唯一能阻止一个持枪的抑郁男子的是一位持枪的心理学家。<< [姓名],3,惊讶,0,悲伤"
"[生病] 好吧，等会你要多给点恐怖的噢！[耶],1,开心,4,恐惧"
"求你赐给我安静的工作环境,不想因为自己身体的原因疏远这几位爱闹腾同事。他们很好,是我的问题。,0,悲伤,5,厌恶"
"有个陌生人说:“你点解叫大君,你好大只咖?”顿时想用个手榴弹炸死条扑街[哼],2,生气,5,厌恶"
"[淚] [淚] [淚] [淚] [淚] [淚] [淚] [淚] [淚] [淚] [淚] 偶吧，我的骄傲！！！！！！,1,开心,0,悲伤"
"我真的覺得哪天我會死在咖啡手上= =喝太多!!,4,恐惧,2,生气"
"。额头上又爆了一颗痘，最近频繁爆痘啊。。。。这是肿么了啊肿么了[抓狂][泪]312你们看到可不要嫌弃我哦。。。。咳咳,5,厌恶,0,悲伤"
"当一个看似糟糕的人就在我眼前毁了自己的职业生涯时，我忍不住感到幸灾乐祸。,2,生气,0,悲伤"
"尼玛……,5,厌恶,2,生气"
"现在普通话说得比重庆话顺口,2,生气,1,开心"
"但我必须承认，这首歌确实很上口。这从来都不是，也从未成为任何歌曲固有的积极特点。,0,悲伤,1,开心"
"“我今天在街上见你了,你是不是戴个白帽子”“我今天貌似看到你了,你是不是穿个绿衣服。”“咦,今天居然发现你跟一个男人逛街,你是不是有男朋友了。”妈的!老娘现在在北京,你们在凤城见我了?在西安见我了?在郑州见我了?我这张脸好歹也在你们的记忆力存在了七年,有那么大众么???,0,悲伤,2,生气"
"真是个可恶的女人,5,厌恶,2,生气"
"躺床上头晕晕的鼻子塞塞的睡不着被挪到沙发上坐着玩,打了个哈欠立马泪流满面火气从鼻子往头顶上拱,一把鼻涕一把泪往他怀里蹭蹭蹭,我脏死你脏死你再让你害我生病,然后被人用纸巾捏着鼻子像训小孩一样擤了鼻涕,擤得太用力头都嗡了一下[巨汗],0,悲伤,5,厌恶"
"睡不着。还把蚊子关进蚊帐。,0,悲伤,2,生气"
"哎,回家一天,我已经喝四瓶酒了,想怎样啊[晕][汗]对不起我的肚子[泪][泪]我真心不是酒鬼[挖鼻屎],0,悲伤,2,生气"
"新进同事送人事的工资卡,名字写自己的,卡号写她老公的......,3,惊讶,2,生气"
